Workbook

Sheet Form (2)
A1: OFFICE OF THE PROVINCIAL AGRICULTURIST
A2: CROP STATISTICS 2017
A6: Municipality: | C6: CUENCA
A7: Barangay: | C7: EMMANUEL
A9: No. | B9: NAME OF FARMER | C9: RICE | G9: CORN | K9: VEGETABLES | T9: FRUIT TREES | AE9: ROOT CROPS | AI9: SPICES | AN9: LEGUMES | AQ9: INDUSTRIAL CROPS | AV9: COCONUT | AW9: SUGARCANE | AX9: BAMBOO | AY9: GRAND TOTAL
C10: IRRIGATED | D10: RAINFED | E10: UPLAND | F10: TOTAL | G10: YELLOW | H10: WHITE | I10: GREEN | J10: TOTAL | K10: AMPALAYA | L10: EGGPLANT | M10: POLE SITAO | N10: OKRA | O10: SQUASH | P10: TOMATO | Q10: PECHAY | R10: MUSTARD | S10: TOTAL | T10: MANGO | U10: PAPAYA | V10: LANZONES | W10: RAMBUTAN | X10: TAMARIND | Y10: CITRUS | Z10: GUYABANO | AA10: ATIS | AB10: CHICO | AC10: DRAGON FRUIT | AD10: TOTAL | AE10: SWEET POTATO | AF10: UBE | AG10: GABI | AH10: TOTAL | AI10: BLACK PEPPER | AJ10: HOT PEPPER | AK10: GINGER | AL10: ONION | AM10: TOTAL | AN10: PEANUT | AO10: MUNGBEAN | AP10: TOTAL | AQ10: COFFEE | AR10: CACAO | AS10: PINEAPPLE | AT10: BANANA | AU10: TOTAL
C11: Area (ha) | D11: Area (ha) | E11: Area (ha) | F11: Area (ha) | G11: Area (ha) | H11: Area (ha) | I11: Area (ha) | J11: Area (ha) | K11: Area (ha) | L11: Area (ha) | M11: Area (ha) | N11: Area (ha) | O11: Area (ha) | P11: Area (ha) | Q11: Area (ha) | R11: Area (ha) | S11: Area (ha) | T11: Area (ha) | U11: Area (ha) | V11: Area (ha) | W11: Area (ha) | X11: Area (ha) | Y11: Area (ha) | Z11: Area (ha) | AA11: Area (ha) | AB11: Area (ha) | AC11: Area (ha) | AD11: Area (ha) | AE11: Area (ha) | AF11: Area (ha) | AG11: Area (ha) | AH11: Area (ha) | AI11: Area (ha) | AJ11: Area (ha) | AK11: Area (ha) | AL11: Area (ha) | AM11: Area (ha) | AN11: Area (ha) | AO11: Area (ha) | AP11: Area (ha) | AQ11: Area (ha) | AR11: Area (ha) | AS11: Area (ha) | AT11: Area (ha) | AU11: Area (ha) | AV11: Area (ha) | AW11: Area (ha) | AX11: Area (ha) | AY11: Area (ha)
A12: 1 | B12: Magsombol, Rommel | F12: =SUM(C12:E12) -> 0 | J12: =SUM(G12:I12) -> 0 | S12: =SUM(K12:R12) -> 0 | AD12: =SUM(T12:AC12) -> 0 | AH12: =SUM(AE12:AH12) -> 0 | AM12: =SUM(AI12:AM12) -> 0 | AP12: =SUM(AN12:AO12) -> 0 | AU12: =SUM(AQ12:AT12) -> 0 | AY12: =F12+J12+S12+AD12+AH12+AM12+AP12+AU12+AV12+AW12+AX12 -> 0
A13: 2 | B13: Yanga, Joselito | F13: =SUM(C13:E13) -> 0 | J13: =SUM(G13:I13) -> 0 | S13: =SUM(K13:R13) -> 0 | AD13: =SUM(T13:AC13) -> 0 | AH13: =SUM(AE13:AH13) -> 0 | AM13: =SUM(AI13:AM13) -> 0 | AP13: =SUM(AN13:AO13) -> 0 | AU13: =SUM(AQ13:AT13) -> 0 | AY13: =F13+J13+S13+AD13+AH13+AM13+AP13+AU13+AV13+AW13+AX13 -> 0
A14: 3 | B14: Landoy, Dioselda | F14: =SUM(C14:E14) -> 0 | J14: =SUM(G14:I14) -> 0 | S14: =SUM(K14:R14) -> 0 | AD14: =SUM(T14:AC14) -> 0 | AH14: =SUM(AE14:AH14) -> 0 | AM14: =SUM(AI14:AM14) -> 0 | AP14: =SUM(AN14:AO14) -> 0 | AU14: =SUM(AQ14:AT14) -> 0 | AY14: =F14+J14+S14+AD14+AH14+AM14+AP14+AU14+AV14+AW14+AX14 -> 0
A15: 4 | B15: Naz, Chona | F15: =SUM(C15:E15) -> 0 | J15: =SUM(G15:I15) -> 0 | S15: =SUM(K15:R15) -> 0 | AD15: =SUM(T15:AC15) -> 0 | AH15: =SUM(AE15:AH15) -> 0 | AM15: =SUM(AI15:AM15) -> 0 | AP15: =SUM(AN15:AO15) -> 0 | AU15: =SUM(AQ15:AT15) -> 0 | AY15: =F15+J15+S15+AD15+AH15+AM15+AP15+AU15+AV15+AW15+AX15 -> 0
A16: 5 | B16: Proseso, Robin | F16: =SUM(C16:E16) -> 0 | J16: =SUM(G16:I16) -> 0 | S16: =SUM(K16:R16) -> 0 | AD16: =SUM(T16:AC16) -> 0 | AH16: =SUM(AE16:AH16) -> 0 | AM16: =SUM(AI16:AM16) -> 0 | AP16: =SUM(AN16:AO16) -> 0 | AU16: =SUM(AQ16:AT16) -> 0 | AY16: =F16+J16+S16+AD16+AH16+AM16+AP16+AU16+AV16+AW16+AX16 -> 0
A17: 6 | B17: Ambay, Pepito | F17: =SUM(C17:E17) -> 0 | J17: =SUM(G17:I17) -> 0 | S17: =SUM(K17:R17) -> 0 | AD17: =SUM(T17:AC17) -> 0 | AH17: =SUM(AE17:AH17) -> 0 | AM17: =SUM(AI17:AM17) -> 0 | AP17: =SUM(AN17:AO17) -> 0 | AU17: =SUM(AQ17:AT17) -> 0 | AY17: =F17+J17+S17+AD17+AH17+AM17+AP17+AU17+AV17+AW17+AX17 -> 0
A18: 7 | B18: Chavez, Felicito | F18: =SUM(C18:E18) -> 0 | J18: =SUM(G18:I18) -> 0 | S18: =SUM(K18:R18) -> 0 | AD18: =SUM(T18:AC18) -> 0 | AH18: =SUM(AE18:AH18) -> 0 | AM18: =SUM(AI18:AM18) -> 0 | AP18: =SUM(AN18:AO18) -> 0 | AU18: =SUM(AQ18:AT18) -> 0 | AY18: =F18+J18+S18+AD18+AH18+AM18+AP18+AU18+AV18+AW18+AX18 -> 0
A19: 8 | B19: Zara, Zoilo | F19: =SUM(C19:E19) -> 0 | J19: =SUM(G19:I19) -> 0 | S19: =SUM(K19:R19) -> 0 | AD19: =SUM(T19:AC19) -> 0 | AH19: =SUM(AE19:AH19) -> 0 | AM19: =SUM(AI19:AM19) -> 0 | AP19: =SUM(AN19:AO19) -> 0 | AU19: =SUM(AQ19:AT19) -> 0 | AY19: =F19+J19+S19+AD19+AH19+AM19+AP19+AU19+AV19+AW19+AX19 -> 0
A20: 9 | B20: Pedro, Miranda | F20: =SUM(C20:E20) -> 0 | J20: =SUM(G20:I20) -> 0 | S20: =SUM(K20:R20) -> 0 | AD20: =SUM(T20:AC20) -> 0 | AH20: =SUM(AE20:AH20) -> 0 | AM20: =SUM(AI20:AM20) -> 0 | AP20: =SUM(AN20:AO20) -> 0 | AU20: =SUM(AQ20:AT20) -> 0 | AY20: =F20+J20+S20+AD20+AH20+AM20+AP20+AU20+AV20+AW20+AX20 -> 0
A21: 10 | B21: Matulac, Felino | F21: =SUM(C21:E21) -> 0 | J21: =SUM(G21:I21) -> 0 | S21: =SUM(K21:R21) -> 0 | AD21: =SUM(T21:AC21) -> 0 | AH21: =SUM(AE21:AH21) -> 0 | AM21: =SUM(AI21:AM21) -> 0 | AP21: =SUM(AN21:AO21) -> 0 | AU21: =SUM(AQ21:AT21) -> 0 | AY21: =F21+J21+S21+AD21+AH21+AM21+AP21+AU21+AV21+AW21+AX21 -> 0
A22: 11 | B22: Bindoy, Fausta | F22: =SUM(C22:E22) -> 0 | J22: =SUM(G22:I22) -> 0 | S22: =SUM(K22:R22) -> 0 | AD22: =SUM(T22:AC22) -> 0 | AH22: =SUM(AE22:AH22) -> 0 | AM22: =SUM(AI22:AM22) -> 0 | AP22: =SUM(AN22:AO22) -> 0 | AU22: =SUM(AQ22:AT22) -> 0 | AY22: =F22+J22+S22+AD22+AH22+AM22+AP22+AU22+AV22+AW22+AX22 -> 0
A23: 12 | B23: Perez, Roberto | F23: =SUM(C23:E23) -> 0 | J23: =SUM(G23:I23) -> 0 | S23: =SUM(K23:R23) -> 0 | AD23: =SUM(T23:AC23) -> 0 | AH23: =SUM(AE23:AH23) -> 0 | AM23: =SUM(AI23:AM23) -> 0 | AP23: =SUM(AN23:AO23) -> 0 | AU23: =SUM(AQ23:AT23) -> 0 | AY23: =F23+J23+S23+AD23+AH23+AM23+AP23+AU23+AV23+AW23+AX23 -> 0
... A38: 27 | B38: Buena, Marietta | F38: =SUM(C38:E38) -> 0 | J38: =SUM(G38:I38) -> 0 | S38: =SUM(K38:R38) -> 0 | AD38: =SUM(T38:AC38) -> 0 | AH38: =SUM(AE38:AH38) -> 0 | AM38: =SUM(AI38:AM38) -> 0 | AP38: =SUM(AN38:AO38) -> 0 | AU38: =SUM(AQ38:AT38) -> 0 | AY38: =F38+J38+S38+AD38+AH38+AM38+AP38+AU38+AV38+AW38+AX38 -> 0
A39: GRAND TOTAL
A41: Total area/crop:
A42: Total number of faramers/crop:
A43: Total number of faramers:

Sheet PMQ+Krissy
A2: Province: BATANGAS
A5: No. | B5: MUNICIPALITY | C5: MALE | D5: FEMALE | E5: No. of Farmers | F5: GRAND TOTAL Area (ha) | G5: RICE | O5: CORN | W5: FRUIT VEGETABLES | AU5: LEAFY VEGETABLES | BK5: ROOT VEGETABLES | BW5: FRUIT TREES | CU5: FRUIT TREES | DM5: ROOT CROPS | DY5: SPICES | EO5: LEGUMES | FI5: INDUSTRIAL CROPS | FS5: COCONUT | FU5: SUGARCANE | FW5: BAMBOO
G6: IRRIGATED | I6: RAINFED | K6: UPLAND | M6: TOTAL Area (ha) | O6: YELLOW | Q6: WHITE | S6: GREEN | U6: TOTAL Area (ha) | W6: AMPALAYA | Y6: EGGPLANT | AA6: POLE SITAO | AC6: OKRA | AE6: SQUASH | AG6: TOMATO | AI6: UPO | AK6: PATOLA | AM6: CUCUMBER | AO6: WATERMELON | AQ6: SAYOTE | AS6: SUBTOTAL | AU6: PECHAY | AW6: MUSTARD | AY6: KANGKONG | BA6: PAKCHOI | BC6: LETTUCE | BE6: MALUNGGAY | BG6: SILI TOPS | BI6: SUBTOTAL | BK6: RADISH | BM6: SINGKAMAS | BQ6: SUBTOTAL | BS6: VEGETABLES | BU6: TOTAL Area (ha) | BW6: MANGO | BY6: PAPAYA | CA6: LANZONES | CC6: RAMBUTAN | CE6: TAMARIND | CG6: CITRUS | CI6: GUYABANO | CK6: ATIS | CM6: CHICO | CO6: DRAGON FRUIT | CQ6: JACKFRUIT | CS6: AVOCADO | CU6: DUHAT | CW6: DURIAN | CY6: SANTOL | DA6: GUAVA | DC6: STAR APPLE | DE6: KAMANSI | DG6: CASHEW | DI6: SINIGUELAS | DK6: TOTAL Area (ha) | DM6: SWEET POTATO | DO6: UBE | DQ6: GABI | DS6: TARO | DU6: CASSAVA | DW6: TOTAL Area (ha) | DY6: BLACK PEPPER | EA6: HOT PEPPER | EC6: BELL PEPPER | EE6: GINGER | EG6: GARLIC | EI6: ONION | EK6: TURMERIC | EM6: TOTAL Area (ha) | EO6: PEANUT | EQ6: MUNGBEAN | ES6: SOYBEAN | EU6: PATANI | EW6: SEGUIDILLAS | EY6: COWPEA | FA6: BATAO | FC6: KADYOS | FE6: BAGUIO BEANS | FG6: TOTAL Area (ha) | FI6: COFFEE | FK6: CACAO | FM6: PINEAPPLE | FO6: BANANA | FQ6: TOTAL Area (ha)
G7: NF | H7: Area (ha) | I7: NF | J7: Area (ha) | K7: NF | L7: Area (ha) | M7: NF | N7: Area (ha) | O7: NF | P7: Area (ha) | Q7: NF | R7: Area (ha) | S7: NF | T7: Area (ha) | U7: NF | V7: Area (ha) | W7: NF | X7: Area (ha) | Y7: NF | Z7: Area (ha) | AA7: NF | AB7: Area (ha) | AC7: NF | AD7: Area (ha) | AE7: NF | AF7: Area (ha) | AG7: NF | AH7: Area (ha) | AI7: NF | AJ7: Area (ha) | AK7: NF | AL7: Area (ha) | AM7: NF | AN7: Area (ha) | AO7: NF | AP7: Area (ha) | AQ7: NF | AR7: Area (ha) | AS7: NF | AT7: Area (ha) | AU7: NF | AV7: Area (ha) | AW7: NF | AX7: Area (ha) | AY7: NF | AZ7: Area (ha) | BA7: NF | BB7: Area (ha) | BC7: NF | BD7: Area (ha) | BE7: NF | BF7: Area (ha) | BG7: NF | BH7: Area (ha) | BI7: NF | BJ7: Area (ha) | BK7: NF | BL7: Area (ha) | BM7: NF | BN7: Area (ha) | BO7: NF | BP7: Area (ha) | BQ7: NF | BR7: Area (ha) | BS7: NF | BT7: Area (ha) | BU7: NF | BV7: Area (ha) | BW7: NF | BX7: Area (ha) | BY7: NF | BZ7: Area (ha) | CA7: NF | CB7: Area (ha) | CC7: NF | CD7: Area (ha) | CE7: NF | CF7: Area (ha) | CG7: NF | CH7: Area (ha) | CI7: NF | CJ7: Area (ha) | CK7: NF | CL7: Area (ha) | CM7: NF | CN7: Area (ha) | CO7: NF | CP7: Area (ha) | CQ7: NF | CR7: Area (ha) | CS7: NF | CT7: Area (ha) | CU7: NF | CV7: Area (ha) | CW7: NF | CX7: Area (ha) | CY7: NF | CZ7: Area (ha) | DA7: NF | DB7: Area (ha) | DC7: NF | DD7: Area (ha) | DE7: NF | DF7: Area (ha) | DG7: NF | DH7: Area (ha) | DI7: NF | DJ7: Area (ha) | DK7: NF | DL7: Area (ha) | DM7: NF | DN7: Area (ha) | DO7: NF | DP7: Area (ha) | DQ7: NF | DR7: Area (ha) | DS7: NF | DT7: Area (ha) | DU7: NF | DV7: Area (ha) | DW7: NF | DX7: Area (ha) | DY7: NF | DZ7: Area (ha) | EA7: NF | EB7: Area (ha) | EC7: NF | ED7: Area (ha) | EE7: NF | EF7: Area (ha) | EG7: NF | EH7: Area (ha) | EI7: NF | EJ7: Area (ha) | EK7: NF | EL7: Area (ha) | EM7: NF | EN7: Area (ha) | EO7: NF | EP7: Area (ha) | EQ7: NF | ER7: Area (ha) | ES7: NF | ET7: Area (ha) | EU7: NF | EV7: Area (ha) | EW7: NF | EX7: Area (ha) | EY7: NF | EZ7: Area (ha) | FA7: NF | FB7: Area (ha) | FC7: NF | FD7: Area (ha) | FE7: NF | FF7: Area (ha) | FG7: NF | FH7: Area (ha) | FI7: NF | FJ7: Area (ha) | FK7: NF | FL7: Area (ha) | FM7: NF | FN7: Area (ha) | FO7: NF | FP7: Area (ha) | FQ7: NF | FR7: Area (ha) | FS7: NF | FT7: Area (ha) | FU7: NF | FV7: Area (ha) | FW7: NF | FX7: Area (ha) | FZ7: LEGEND:
A8: 1 | B8: Agoncillo | C8: =#REF! -> #REF! | D8: =#REF! -> #REF! | E8: =C8+D8 -> #REF! | F8: =N8+V8+BV8+DL8+DX8+EN8+FH8+FR8+FT8+FV8+FX8 -> #REF! | G8: =#REF! -> #REF! | H8: =#REF! -> #REF! | I8: =#REF! -> #REF! | J8: =#REF! -> #REF! | K8: =#REF! -> #REF! | L8: =#REF! -> #REF! | M8: =G8+I8+K8 -> #REF! | N8: =H8+J8+L8 -> #REF! | O8: =#REF! -> #REF! | P8: =#REF! -> #REF! | Q8: =#REF! -> #REF! | R8: =#REF! -> #REF! | S8: =#REF! -> #REF! | T8: =#REF! -> #REF! | U8: =O8+Q8+S8 -> #REF! | V8: =P8+R8+T8 -> #REF! | W8: =#REF! -> #REF! | X8: =#REF! -> #REF! | Y8: =#REF! -> #REF! | Z8: =#REF! -> #REF! | AA8: =#REF! -> #REF! | AB8: =#REF! -> #REF! | AC8: =#REF! -> #REF! | AD8: =#REF! -> #REF! | ... AR8: =#REF! -> #REF! | AS8: =W8+Y8+AA8+AC8+AE8+AG8+AI8+AK8+AM8+AO8+AQ8 -> #REF! | AT8: =X8+Z8+AB8+AD8+AF8+AH8+AJ8+AL8+AN8+AP8+AR8 -> #REF! | AU8: =#REF! -> #REF! | AV8: =#REF! -> #REF! | AW8: =#REF! -> #REF! | AX8: =#REF! -> #REF! | AY8: =#REF! -> #REF! | AZ8: =#REF! -> #REF! | BA8: =#REF! -> #REF! | BB8: =#REF! -> #REF! | ... BH8: =#REF! -> #REF! | BI8: =AU8+AW8+AY8+BA8+BC8+BE8+BG8 -> #REF! | BJ8: =AV8+AX8+AZ8+BB8+BD8+BH8+BF8 -> #REF! | BK8: =#REF! -> #REF! | BL8: =#REF! -> #REF! | BM8: =#REF! -> #REF! | BN8: =#REF! -> #REF! | BO8: =#REF! -> #REF! | BP8: =#REF! -> #REF! | BQ8: =BK8+BM8+BO8 -> #REF! | BR8: =BL8+BN8+BP8 -> #REF! | BS8: =#REF! -> #REF! | BT8: =#REF! -> #REF! | BU8: =AS8+BI8+BQ8+BS8 -> #REF! | BV8: =AT8+BJ8+BR8+BT8 -> #REF! | BW8: =#REF! -> #REF! | BX8: =#REF! -> #REF! | BY8: =#REF! -> #REF! | BZ8: =#REF! -> #REF! | CA8: =#REF! -> #REF! | CB8: =#REF! -> #REF! | CC8: =#REF! -> #REF! | CD8: =#REF! -> #REF! | ... DJ8: =#REF! -> #REF! | DK8: =BW8+BY8+CA8+CC8+CE8+CG8+CI8+CK8+CM8+CO8+CQ8+CS8+CU8+CW8+CY8+DA8+DC8+DE8+DG8+DI8 -> #REF! | DL8: =CX8+CV8+CT8+CR8+CP8+CN8+CL8+CJ8+CH8+CF8+CD8+CB8+BZ8+BX8+CZ8+DB8+DD8+DF8+DH8+DJ8 -> #REF! | DM8: =#REF! -> #REF! | DN8: =#REF! -> #REF! | DO8: =#REF! -> #REF! | DP8: =#REF! -> #REF! | DQ8: =#REF! -> #REF! | DR8: =#REF! -> #REF! | DS8: =#REF! -> #REF! | DT8: =#REF! -> #REF! | ... DV8: =#REF! -> #REF! | DW8: =DM8+DO8+DQ8+DS8+DU8 -> #REF! | DX8: =DN8+DP8+DR8+DT8+DV8 -> #REF! | DY8: =#REF! -> #REF! | DZ8: =#REF! -> #REF! | EA8: =#REF! -> #REF! | EB8: =#REF! -> #REF! | EC8: =#REF! -> #REF! | ED8: =#REF! -> #REF! | EE8: =#REF! -> #REF! | EF8: =#REF! -> #REF! | ... EL8: =#REF! -> #REF! | EM8: =DY8+EA8+EC8+EE8+EG8+EI8+EK8 -> #REF! | EN8: =DZ8+EB8+ED8+EF8+EH8+EJ8+EL8 -> #REF! | EO8: =#REF! -> #REF! | EP8: =#REF! -> #REF! | EQ8: =#REF! -> #REF! | ER8: =#REF! -> #REF! | ES8: =#REF! -> #REF! | ET8: =#REF! -> #REF! | EU8: =#REF! -> #REF! | EV8: =#REF! -> #REF! | ... FF8: =#REF! -> #REF! | FG8: =EO8+EQ8+ES8+EU8+EW8+EY8+FA8+FC8+FE8 -> #REF! | FH8: =FD8+FB8+EZ8+EX8+EV8+ET8+ER8+EP8+FF8 -> #REF! | FI8: =#REF! -> #REF! | FJ8: =#REF! -> #REF! | FK8: =#REF! -> #REF! | FL8: =#REF! -> #REF! | FM8: =#REF! -> #REF! | FN8: =#REF! -> #REF! | FO8: =#REF! -> #REF! | FP8: =#REF! -> #REF! | FQ8: =FI8+FK8+FM8+FO8 -> #REF! | FR8: =FJ8+FL8+FN8+FP8 -> #REF! | FS8: 107 | FT8: 166 | FW8: 345 | FX8: 7 | GA8: 2013 Data
A9: 2 | B9: Alitagtag | C9: =Form!C46 -> 1886 | D9: =Form!D46 -> 1110 | E9: =C9+D9 -> 2996 | F9: =N9+V9+BV9+DL9+DX9+EN9+FH9+FR9+FT9+FV9+FX9 -> #REF! | G9: =Form!H46 -> 0 | H9: =Form!I46 -> 0 | I9: =Form!J46 -> 0 | J9: =Form!K46 -> 0 | K9: =Form!L46 -> 0 | L9: =Form!M46 -> 0 | M9: =G9+I9+K9 -> 0 | N9: =H9+J9+L9 -> 0 | O9: =Form!P46 -> 21 | P9: =Form!Q46 -> 17.05 | Q9: =Form!R46 -> 435 | R9: =Form!S46 -> 268.34 | S9: =Form!T46 -> 0 | T9: =Form!U46 -> 0 | U9: =O9+Q9+S9 -> 456 | V9: =P9+R9+T9 -> 285.39 | W9: =Form!W46 -> 313.225 | X9: =Form!X46 -> 116.952 | Y9: =Form!Y46 -> 122 | Z9: =Form!Z46 -> 74.13 | AA9: =Form!AA46 -> 331 | AB9: =Form!AB46 -> 84.288 | AC9: =Form!AC46 -> 137.3 | AD9: =Form!AD46 -> 37.577 | ... AR9: =Form!AR46 -> 0.15 | AS9: =W9+Y9+AA9+AC9+AE9+AG9+AI9+AK9+AM9+AO9+AQ9 -> 1488.075 | AT9: =X9+Z9+AB9+AD9+AF9+AH9+AJ9+AL9+AN9+AP9+AR9 -> 503.189 | AU9: =Form!AT46 -> 272 | AV9: =Form!AU46 -> 178.1237 | AW9: =Form!#REF! -> #REF! | AX9: =Form!#REF! -> #REF! | AY9: =Form!#REF! -> #REF! | AZ9: =Form!#REF! -> #REF! | BA9: =Form!#REF! -> #REF! | BB9: =Form!#REF! -> #REF! | BC9: =Form!#REF! -> #REF! | BD9: =Form!#REF! -> #REF! | ... BH9: =Form!#REF! -> #REF! | BI9: =AU9+AW9+AY9+BA9+BC9+BE9+BG9 -> #REF! | BJ9: =AV9+AX9+AZ9+BB9+BD9+BH9+BF9 -> #REF! | BK9: =Form!BI46 -> 0 | BL9: =Form!BJ46 -> 0 | BM9: =Form!BK46 -> 0 | BN9: =Form!BL46 -> 0 | BO9: =Form!#REF! -> #REF! | BP9: =Form!#REF! -> #REF! | BQ9: =BK9+BM9+BO9 -> #REF! | BR9: =BL9+BN9+BP9 -> #REF! | BU9: =AS9+BI9+BQ9+BS9 -> #REF! | BV9: =AT9+BJ9+BR9+BT9 -> #REF! | BW9: =Form!BO46 -> 54 | BX9: =Form!#REF! -> #REF! | BY9: =Form!#REF! -> #REF! | BZ9: =Form!#REF! -> #REF! | CA9: =Form!#REF! -> #REF! | CB9: =Form!#REF! -> #REF! | CC9: =Form!#REF! -> #REF! | CD9: =Form!#REF! -> #REF! | CE9: =Form!#REF! -> #REF! | ... CN9: =Form!#REF! -> #REF! | CO9: =Form!CG46 -> 26 | CP9: =Form!CH46 -> 12.615 | CQ9: =Form!CI46 -> 71 | CR9: =Form!CJ46 -> 13.409 | CS9: =Form!CK46 -> 180.05 | CT9: =Form!CL46 -> 65.5165 | CU9: =Form!CM46 -> 0.05 | CV9: =Form!CN46 -> 0 | ... DJ9: =Form!DB46 -> 0 | DK9: =BW9+BY9+CA9+CC9+CE9+CG9+CI9+CK9+CM9+CO9+CQ9+CS9+CU9+CW9+CY9+DA9+DC9+DE9+DG9+DI9 -> #REF! | DL9: =CX9+CV9+CT9+CR9+CP9+CN9+CL9+CJ9+CH9+CF9+CD9+CB9+BZ9+BX9+CZ9+DB9+DD9+DF9+DH9+DJ9 -> #REF! | DM9: =Form!DD46 -> 209 | DN9: =Form!DE46 -> 41.6093 | DO9: =Form!DF46 -> 5 | DP9: =Form!DG46 -> 0.82 | DQ9: =Form!DH46 -> 74 | DR9: =Form!DI46 -> 11.66 | DS9: =Form!DJ46 -> 1 | DT9: =Form!DK46 -> 10 | ... DV9: =Form!DM46 -> 85.957 | DW9: =DM9+DO9+DQ9+DS9+DU9 -> 539 | DX9: =DN9+DP9+DR9+DT9+DV9 -> 150.0463 | DY9: =Form!DO46 -> 6 | DZ9: =Form!DP46 -> 0.41 | EA9: =Form!DQ46 -> 296 | EB9: =Form!DR46 -> 88.322 | EC9: =Form!DS46 -> 2 | ED9: =Form!DT46 -> 0.1 | EE9: =Form!DU46 -> 136 | EF9: =Form!DV46 -> 21.798 | ... EL9: =Form!EB46 -> 0 | EM9: =DY9+EA9+EC9+EE9+EG9+EI9+EK9 -> 449 | EN9: =DZ9+EB9+ED9+EF9+EH9+EJ9+EL9 -> 114.18 | EO9: =Form!ED46 -> 28 | EP9: =Form!EE46 -> 6.38 | EQ9: =Form!EF46 -> 8 | ER9: =Form!EG46 -> 5 | ES9: =Form!EH46 -> 0 | ET9: =Form!EI46 -> 0 | EU9: =Form!EJ46 -> 227 | EV9: =Form!EK46 -> 34.141 | ... FF9: =Form!EU46 -> 8.785 | FG9: =EO9+EQ9+ES9+EU9+EW9+EY9+FA9+FC9+FE9 -> 1129.46 | FH9: =FD9+FB9+EZ9+EX9+EV9+ET9+ER9+EP9+FF9 -> 258.897 | FI9: =Form!EW46 -> 13 | FJ9: =Form!EX46 -> 3.29 | FK9: =Form!EY46 -> 82 | FL9: =Form!EZ46 -> 21.362 | FM9: =Form!FA46 -> 52 | FN9: =Form!FB46 -> 11.43 | FO9: =Form!FC46 -> 1280 | FP9: =Form!FD46 -> 494.8578 | FQ9: =FI9+FK9+FM9+FO9 -> 1427 | FR9: =FJ9+FL9+FN9+FP9 -> 530.9398 | FS9: 117 | FT9: 133 | FV9: 800 | FW9: 60 | FX9: 21.5 | GA9: PCA Data
A10: 3 | B10: Balayan | C10: =#REF! -> #REF! | D10: =#REF! -> #REF! | E10: =C10+D10 -> #REF! | F10: =N10+V10+BV10+DL10+DX10+EN10+FH10+FR10+FT10+FV10+FX10 -> #REF! | G10: =#REF! -> #REF! | H10: =#REF! -> #REF! | I10: =#REF! -> #REF! | J10: =#REF! -> #REF! | K10: =#REF! -> #REF! | L10: =#REF! -> #REF! | M10: =G10+I10+K10 -> #REF! | N10: =H10+J10+L10 -> #REF! | O10: =#REF! -> #REF! | P10: =#REF! -> #REF! | Q10: =#REF! -> #REF! | R10: =#REF! -> #REF! | S10: =#REF! -> #REF! | T10: =#REF! -> #REF! | U10: =O10+Q10+S10 -> #REF! | V10: =P10+R10+T10 -> #REF! | W10: =#REF! -> #REF! | X10: =#REF! -> #REF! | Y10: =#REF! -> #REF! | Z10: =#REF! -> #REF! | AA10: =#REF! -> #REF! | AB10: =#REF! -> #REF! | AC10: =#REF! -> #REF! | AD10: =#REF! -> #REF! | ... AR10: =#REF! -> #REF! | AS10: =W10+Y10+AA10+AC10+AE10+AG10+AI10+AK10+AM10+AO10+AQ10 -> #REF! | AT10: =X10+Z10+AB10+AD10+AF10+AH10+AJ10+AL10+AN10+AP10+AR10 -> #REF! | AU10: =#REF! -> #REF! | AV10: =#REF! -> #REF! | AW10: =#REF! -> #REF! | AX10: =#REF! -> #REF! | AY10: =#REF! -> #REF! | AZ10: =#REF! -> #REF! | BA10: =#REF! -> #REF! | BB10: =#REF! -> #REF! | ... BH10: =#REF! -> #REF! | BI10: =AU10+AW10+AY10+BA10+BC10+BE10+BG10 -> #REF! | BJ10: =AV10+AX10+AZ10+BB10+BD10+BH10+BF10 -> #REF! | BK10: =#REF! -> #REF! | BL10: =#REF! -> #REF! | BM10: =#REF! -> #REF! | BN10: =#REF! -> #REF! | BO10: =#REF! -> #REF! | BP10: =#REF! -> #REF! | BQ10: =BK10+BM10+BO10 -> #REF! | BR10: =BL10+BN10+BP10 -> #REF! | BS10: =#REF! -> #REF! | BT10: =#REF! -> #REF! | BU10: =AS10+BI10+BQ10+BS10 -> #REF! | BV10: =AT10+BJ10+BR10+BT10 -> #REF! | BW10: =#REF! -> #REF! | BX10: =#REF! -> #REF! | BY10: =#REF! -> #REF! | BZ10: =#REF! -> #REF! | CA10: =#REF! -> #REF! | CB10: =#REF! -> #REF! | CC10: =#REF! -> #REF! | CD10: =#REF! -> #REF! | ... DJ10: =#REF! -> #REF! | DK10: =BW10+BY10+CA10+CC10+CE10+CG10+CI10+CK10+CM10+CO10+CQ10+CS10+CU10+CW10+CY10+DA10+DC10+DE10+DG10+DI10 -> #REF! | DL10: =CX10+CV10+CT10+CR10+CP10+CN10+CL10+CJ10+CH10+CF10+CD10+CB10+BZ10+BX10+CZ10+DB10+DD10+DF10+DH10+DJ10 -> #REF! | DM10: =#REF! -> #REF! | DN10: =#REF! -> #REF! | DO10: =#REF! -> #REF! | DP10: =#REF! -> #REF! | DQ10: =#REF! -> #REF! | DR10: =#REF! -> #REF! | DS10: =#REF! -> #REF! | DT10: =#REF! -> #REF! | ... DV10: =#REF! -> #REF! | DW10: =DM10+DO10+DQ10+DS10+DU10 -> #REF! | DX10: =DN10+DP10+DR10+DT10+DV10 -> #REF! | DY10: =#REF! -> #REF! | DZ10: =#REF! -> #REF! | EA10: =#REF! -> #REF! | EB10: =#REF! -> #REF! | EC10: =#REF! -> #REF! | ED10: =#REF! -> #REF! | EE10: =#REF! -> #REF! | EF10: =#REF! -> #REF! | ... EL10: =#REF! -> #REF! | EM10: =DY10+EA10+EC10+EE10+EG10+EI10+EK10 -> #REF! | EN10: =DZ10+EB10+ED10+EF10+EH10+EJ10+EL10 -> #REF! | EO10: =#REF! -> #REF! | EP10: =#REF! -> #REF! | EQ10: =#REF! -> #REF! | ER10: =#REF! -> #REF! | ES10: =#REF! -> #REF! | ET10: =#REF! -> #REF! | EU10: =#REF! -> #REF! | EV10: =#REF! -> #REF! | ... FF10: =#REF! -> #REF! | FG10: =EO10+EQ10+ES10+EU10+EW10+EY10+FA10+FC10+FE10 -> #REF! | FH10: =FD10+FB10+EZ10+EX10+EV10+ET10+ER10+EP10+FF10 -> #REF! | FI10: =#REF! -> #REF! | FJ10: =#REF! -> #REF! | FK10: =#REF! -> #REF! | FL10: =#REF! -> #REF! | FM10: =#REF! -> #REF! | FN10: =#REF! -> #REF! | FO10: =#REF! -> #REF! | FP10: =#REF! -> #REF! | FQ10: =FI10+FK10+FM10+FO10 -> #REF! | FR10: =FJ10+FL10+FN10+FP10 -> #REF! | FS10: 87 | FT10: 91.5 | FV10: 4901 | FW10: =#REF! -> #REF! | FX10: =#REF! -> #REF! | GA10: SRA Data
A11: 4 | B11: Balete | C11: =#REF! -> #REF! | D11: =#REF! -> #REF! | E11: =C11+D11 -> #REF! | F11: =N11+V11+BV11+DL11+DX11+EN11+FH11+FR11+FT11+FV11+FX11 -> #REF! | G11: =#REF! -> #REF! | H11: =#REF! -> #REF! | I11: =#REF! -> #REF! | J11: =#REF! -> #REF! | K11: =#REF! -> #REF! | L11: =#REF! -> #REF! | M11: =G11+I11+K11 -> #REF! | N11: =H11+J11+L11 -> #REF! | O11: =#REF! -> #REF! | P11: =#REF! -> #REF! | Q11: =#REF! -> #REF! | R11: =#REF! -> #REF! | S11: =#REF! -> #REF! | T11: =#REF! -> #REF! | U11: =O11+Q11+S11 -> #REF! | V11: =P11+R11+T11 -> #REF! | W11: =#REF! -> #REF! | X11: =#REF! -> #REF! | Y11: =#REF! -> #REF! | Z11: =#REF! -> #REF! | AA11: =#REF! -> #REF! | AB11: =#REF! -> #REF! | AC11: =#REF! -> #REF! | AD11: =#REF! -> #REF! | ... AR11: =#REF! -> #REF! | AS11: =W11+Y11+AA11+AC11+AE11+AG11+AI11+AK11+AM11+AO11+AQ11 -> #REF! | AT11: =X11+Z11+AB11+AD11+AF11+AH11+AJ11+AL11+AN11+AP11+AR11 -> #REF! | AU11: =#REF! -> #REF! | AV11: =#REF! -> #REF! | AW11: =#REF! -> #REF! | AX11: =#REF! -> #REF! | AY11: =#REF! -> #REF! | AZ11: =#REF! -> #REF! | BA11: =#REF! -> #REF! | BB11: =#REF! -> #REF! | ... BH11: =#REF! -> #REF! | BI11: =AU11+AW11+AY11+BA11+BC11+BE11+BG11 -> #REF! | BJ11: =AV11+AX11+AZ11+BB11+BD11+BH11+BF11 -> #REF! | BK11: =#REF! -> #REF! | BL11: =#REF! -> #REF! | BM11: =#REF! -> #REF! | BN11: =#REF! -> #REF! | BO11: =#REF! -> #REF! | BP11: =#REF! -> #REF! | BQ11: =BK11+BM11+BO11 -> #REF! | BR11: =BL11+BN11+BP11 -> #REF! | BS11: =#REF! -> #REF! | BT11: =#REF! -> #REF! | BU11: =AS11+BI11+BQ11+BS11 -> #REF! | BV11: =AT11+BJ11+BR11+BT11 -> #REF! | BW11: =#REF! -> #REF! | BX11: =#REF! -> #REF! | BY11: =#REF! -> #REF! | BZ11: =#REF! -> #REF! | CA11: =#REF! -> #REF! | CB11: =#REF! -> #REF! | CC11: =#REF! -> #REF! | CD11: =#REF! -> #REF! | ... DJ11: =#REF! -> #REF! | DK11: =BW11+BY11+CA11+CC11+CE11+CG11+CI11+CK11+CM11+CO11+CQ11+CS11+CU11+CW11+CY11+DA11+DC11+DE11+DG11+DI11 -> #REF! | DL11: =CX11+CV11+CT11+CR11+CP11+CN11+CL11+CJ11+CH11+CF11+CD11+CB11+BZ11+BX11+CZ11+DB11+DD11+DF11+DH11+DJ11 -> #REF! | DM11: =#REF! -> #REF! | DN11: =#REF! -> #REF! | DO11: =#REF! -> #REF! | DP11: =#REF! -> #REF! | DQ11: =#REF! -> #REF! | DR11: =#REF! -> #REF! | DS11: =#REF! -> #REF! | DT11: =#REF! -> #REF! | ... DV11: =#REF! -> #REF! | DW11: =DM11+DO11+DQ11+DS11+DU11 -> #REF! | DX11: =DN11+DP11+DR11+DT11+DV11 -> #REF! | DY11: =#REF! -> #REF! | DZ11: =#REF! -> #REF! | EA11: =#REF! -> #REF! | EB11: =#REF! -> #REF! | EC11: =#REF! -> #REF! | ED11: =#REF! -> #REF! | EE11: =#REF! -> #REF! | EF11: =#REF! -> #REF! | ... EL11: =#REF! -> #REF! | EM11: =DY11+EA11+EC11+EE11+EG11+EI11+EK11 -> #REF! | EN11: =DZ11+EB11+ED11+EF11+EH11+EJ11+EL11 -> #REF! | EO11: =#REF! -> #REF! | EP11: =#REF! -> #REF! | EQ11: =#REF! -> #REF! | ER11: =#REF! -> #REF! | ES11: =#REF! -> #REF! | ET11: =#REF! -> #REF! | EU11: =#REF! -> #REF! | EV11: =#REF! -> #REF! | ... FF11: =#REF! -> #REF! | FG11: =EO11+EQ11+ES11+EU11+EW11+EY11+FA11+FC11+FE11 -> #REF! | FH11: =FD11+FB11+EZ11+EX11+EV11+ET11+ER11+EP11+FF11 -> #REF! | FI11: =#REF! -> #REF! | FJ11: =#REF! -> #REF! | FK11: =#REF! -> #REF! | FL11: =#REF! -> #REF! | FM11: =#REF! -> #REF! | FN11: =#REF! -> #REF! | FO11: =#REF! -> #REF! | FP11: =#REF! -> #REF! | FQ11: =FI11+FK11+FM11+FO11 -> #REF! | FR11: =FJ11+FL11+FN11+FP11 -> #REF! | FS11: 681 | FT11: 610 | FU11: =#REF! -> #REF! | FV11: =#REF! -> #REF! | FW11: =#REF! -> #REF! | FX11: =#REF! -> #REF! | GA11: Data after validation
A12: 5 | B12: Batangas City - no data | E12: =M12+U12+BU12+DK12+DW12+EM12+FG12+FQ12+FS12+FU12+FW12 -> 3719 | F12: =N12+V12+BV12+DL12+DX12+EN12+FH12+FR12+FT12+FV12+FX12 -> 5759.75 | K12: 20 | L12: 7 | M12: =G12+I12+K12 -> 20 | N12: =H12+J12+L12 -> 7 | O12: 150 | P12: 375 | S12: 150 | T12: 300 | U12: =O12+Q12+S12 -> 300 | V12: =P12+R12+T12 -> 675 | W12: 209 | X12: 300 | AS12: =W12+Y12+AA12+AC12+AE12+AG12+AI12+AK12+AM12+AO12+AQ12 -> 209 | AT12: =X12+Z12+AB12+AD12+AF12+AH12+AJ12+AL12+AN12+AP12+AR12 -> 300 | BI12: =AU12+AW12+AY12+BA12+BC12+BE12+BG12 -> 0 | BJ12: =AV12+AX12+AZ12+BB12+BD12+BH12+BF12 -> 0 | BQ12: =BK12+BM12+BO12 -> 0 | BR12: =BL12+BN12+BP12 -> 0 | BU12: =AS12+BI12+BQ12+BS12 -> 209 | BV12: =AT12+BJ12+BR12+BT12 -> 300 | BW12: 988 | BX12: 1400 | CC12: 64 | CD12: 6 | CG12: 50 | CH12: 38 | CM12: 150 | CN12: 90 | CY12: 75 | CZ12: 46 | DK12: =BW12+BY12+CA12+CC12+CE12+CG12+CI12+CK12+CM12+CO12+CQ12+CS12+CU12+CW12+CY12+DA12+DC12+DE12+DG12+DI12+1040 -> 2367 | DL12: =CX12+CV12+CT12+CR12+CP12+CN12+CL12+CJ12+CH12+CF12+CD12+CB12+BZ12+BX12+CZ12+DB12+DD12+DF12+DH12+DJ12+2400 -> 3980 | DM12: 125 | DN12: 100 | DU12: 85 | DV12: 150 | DW12: =DM12+DO12+DQ12+DS12+DU12 -> 210 | DX12: =DN12+DP12+DR12+DT12+DV12 -> 250 | EM12: =DY12+EA12+EC12+EE12+EG12+EI12+EK12 -> 0 | EN12: =DZ12+EB12+ED12+EF12+EH12+EJ12+EL12 -> 0 | EO12: 30 | EP12: 68.75 | FG12: =EO12+EQ12+ES12+EU12+EW12+EY12+FA12+FC12+FE12 -> 30 | FH12: =FD12+FB12+EZ12+EX12+EV12+ET12+ER12+EP12+FF12 -> 68.75 | FI12: 37 | FJ12: 25 | FO12: 500 | FP12: 328 | FQ12: =FI12+FK12+FM12+FO12 -> 537 | FR12: =FJ12+FL12+FN12+FP12 -> 353 | FS12: 46 | FT12: 82 | FV12: 44 | GA12: PMQ
A13: 6 | B13: Bauan | C13: =#REF! -> #REF! | D13: =#REF! -> #REF! | E13: =C13+D13 -> #REF! | F13: =N13+V13+BV13+DL13+DX13+EN13+FH13+FR13+FT13+FV13+FX13 -> #REF! | G13: =#REF! -> #REF! | H13: =#REF! -> #REF! | I13: =#REF! -> #REF! | J13: =#REF! -> #REF! | K13: =#REF! -> #REF! | L13: =#REF! -> #REF! | M13: =G13+I13+K13 -> #REF! | N13: =H13+J13+L13 -> #REF! | O13: =#REF! -> #REF! | P13: =#REF! -> #REF! | Q13: =#REF! -> #REF! | R13: =#REF! -> #REF! | S13: =#REF! -> #REF! | T13: =#REF! -> #REF! | U13: =O13+Q13+S13 -> #REF! | V13: =P13+R13+T13 -> #REF! | W13: =#REF! -> #REF! | X13: =#REF! -> #REF! | Y13: =#REF! -> #REF! | Z13: =#REF! -> #REF! | AA13: =#REF! -> #REF! | AB13: =#REF! -> #REF! | AC13: =#REF! -> #REF! | AD13: =#REF! -> #REF! | ... AR13: =#REF! -> #REF! | AS13: =W13+Y13+AA13+AC13+AE13+AG13+AI13+AK13+AM13+AO13+AQ13 -> #REF! | AT13: =X13+Z13+AB13+AD13+AF13+AH13+AJ13+AL13+AN13+AP13+AR13 -> #REF! | AU13: =#REF! -> #REF! | AV13: =#REF! -> #REF! | AW13: =#REF! -> #REF! | AX13: =#REF! -> #REF! | AY13: =#REF! -> #REF! | AZ13: =#REF! -> #REF! | BA13: =#REF! -> #REF! | BB13: =#REF! -> #REF! | ... BH13: =#REF! -> #REF! | BI13: =AU13+AW13+AY13+BA13+BC13+BE13+BG13 -> #REF! | BJ13: =AV13+AX13+AZ13+BB13+BD13+BH13+BF13 -> #REF! | BK13: =#REF! -> #REF! | BL13: =#REF! -> #REF! | BM13: =#REF! -> #REF! | BN13: =#REF! -> #REF! | BO13: =#REF! -> #REF! | BP13: =#REF! -> #REF! | BQ13: =BK13+BM13+BO13 -> #REF! | BR13: =BL13+BN13+BP13 -> #REF! | BS13: =#REF! -> #REF! | BT13: =#REF! -> #REF! | BU13: =AS13+BI13+BQ13+BS13 -> #REF! | BV13: =AT13+BJ13+BR13+BT13 -> #REF! | BW13: =#REF! -> #REF! | BX13: =#REF! -> #REF! | BY13: =#REF! -> #REF! | BZ13: =#REF! -> #REF! | CA13: =#REF! -> #REF! | CB13: =#REF! -> #REF! | CC13: =#REF! -> #REF! | CD13: =#REF! -> #REF! | ... DJ13: =#REF! -> #REF! | DK13: =BW13+BY13+CA13+CC13+CE13+CG13+CI13+CK13+CM13+CO13+CQ13+CS13+CU13+CW13+CY13+DA13+DC13+DE13+DG13+DI13 -> #REF! | DL13: =CX13+CV13+CT13+CR13+CP13+CN13+CL13+CJ13+CH13+CF13+CD13+CB13+BZ13+BX13+CZ13+DB13+DD13+DF13+DH13+DJ13 -> #REF! | DM13: =#REF! -> #REF! | DN13: =#REF! -> #REF! | DO13: =#REF! -> #REF! | DP13: =#REF! -> #REF! | DQ13: =#REF! -> #REF! | DR13: =#REF! -> #REF! | DS13: =#REF! -> #REF! | DT13: =#REF! -> #REF! | ... DV13: =#REF! -> #REF! | DW13: =DM13+DO13+DQ13+DS13+DU13 -> #REF! | DX13: =DN13+DP13+DR13+DT13+DV13 -> #REF! | DY13: =#REF! -> #REF! | DZ13: =#REF! -> #REF! | EA13: =#REF! -> #REF! | EB13: =#REF! -> #REF! | EC13: =#REF! -> #REF! | ED13: =#REF! -> #REF! | EE13: =#REF! -> #REF! | EF13: =#REF! -> #REF! | ... EL13: =#REF! -> #REF! | EM13: =DY13+EA13+EC13+EE13+EG13+EI13+EK13 -> #REF! | EN13: =DZ13+EB13+ED13+EF13+EH13+EJ13+EL13 -> #REF! | EO13: =#REF! -> #REF! | EP13: =#REF! -> #REF! | EQ13: =#REF! -> #REF! | ER13: =#REF! -> #REF! | ES13: =#REF! -> #REF! | ET13: =#REF! -> #REF! | EU13: =#REF! -> #REF! | EV13: =#REF! -> #REF! | ... FF13: =#REF! -> #REF! | FG13: =EO13+EQ13+ES13+EU13+EW13+EY13+FA13+FC13+FE13 -> #REF! | FH13: =FD13+FB13+EZ13+EX13+EV13+ET13+ER13+EP13+FF13 -> #REF! | FI13: =#REF! -> #REF! | FJ13: =#REF! -> #REF! | FK13: =#REF! -> #REF! | FL13: =#REF! -> #REF! | FM13: =#REF! -> #REF! | FN13: =#REF! -> #REF! | FO13: =#REF! -> #REF! | FP13: =#REF! -> #REF! | FQ13: =FI13+FK13+FM13+FO13 -> #REF! | FR13: =FJ13+FL13+FN13+FP13 -> #REF! | FS13: 128 | FT13: 117.04 | FU13: =#REF! -> #REF! | FV13: 150 | FW13: =#REF! -> #REF! | FX13: =#REF! -> #REF!
A14: 7 | B14: Calaca | C14: =#REF! -> #REF! | D14: =#REF! -> #REF! | E14: =C14+D14 -> #REF! | F14: =N14+V14+BV14+DL14+DX14+EN14+FH14+FR14+FT14+FV14+FX14 -> #REF! | G14: =#REF! -> #REF! | H14: =#REF! -> #REF! | I14: =#REF! -> #REF! | J14: =#REF! -> #REF! | K14: =#REF! -> #REF! | L14: =#REF! -> #REF! | M14: =G14+I14+K14 -> #REF! | N14: =H14+J14+L14 -> #REF! | O14: =#REF! -> #REF! | P14: =#REF! -> #REF! | Q14: =#REF! -> #REF! | R14: =#REF! -> #REF! | S14: =#REF! -> #REF! | T14: =#REF! -> #REF! | U14: =O14+Q14+S14 -> #REF! | V14: =P14+R14+T14 -> #REF! | W14: =#REF! -> #REF! | X14: =#REF! -> #REF! | Y14: =#REF! -> #REF! | Z14: =#REF! -> #REF! | AA14: =#REF! -> #REF! | AB14: =#REF! -> #REF! | AC14: =#REF! -> #REF! | AD14: =#REF! -> #REF! | ... AR14: =#REF! -> #REF! | AS14: =W14+Y14+AA14+AC14+AE14+AG14+AI14+AK14+AM14+AO14+AQ14 -> #REF! | AT14: =X14+Z14+AB14+AD14+AF14+AH14+AJ14+AL14+AN14+AP14+AR14 -> #REF! | AU14: =#REF! -> #REF! | AV14: =#REF! -> #REF! | AW14: =#REF! -> #REF! | AX14: =#REF! -> #REF! | AY14: =#REF! -> #REF! | AZ14: =#REF! -> #REF! | BA14: =#REF! -> #REF! | BB14: =#REF! -> #REF! | ... BH14: =#REF! -> #REF! | BI14: =AU14+AW14+AY14+BA14+BC14+BE14+BG14 -> #REF! | BJ14: =AV14+AX14+AZ14+BB14+BD14+BH14+BF14 -> #REF! | BK14: =#REF! -> #REF! | BL14: =#REF! -> #REF! | BM14: =#REF! -> #REF! | BN14: =#REF! -> #REF! | BO14: =#REF! -> #REF! | BP14: =#REF! -> #REF! | BQ14: =BK14+BM14+BO14 -> #REF! | BR14: =BL14+BN14+BP14 -> #REF! | BS14: =#REF! -> #REF! | BT14: =#REF! -> #REF! | BU14: =AS14+BI14+BQ14+BS14 -> #REF! | BV14: =AT14+BJ14+BR14+BT14 -> #REF! | BW14: =#REF! -> #REF! | BX14: 27.18 | BY14: =#REF! -> #REF! | BZ14: =#REF! -> #REF! | CA14: =#REF! -> #REF! | CB14: =#REF! -> #REF! | CC14: =#REF! -> #REF! | CD14: =#REF! -> #REF! | CE14: =#REF! -> #REF! | CF14: =#REF! -> #REF! | ... DJ14: =#REF! -> #REF! | DK14: =BW14+BY14+CA14+CC14+CE14+CG14+CI14+CK14+CM14+CO14+CQ14+CS14+CU14+CW14+CY14+DA14+DC14+DE14+DG14+DI14 -> #REF! | DL14: =CX14+CV14+CT14+CR14+CP14+CN14+CL14+CJ14+CH14+CF14+CD14+CB14+BZ14+BX14+CZ14+DB14+DD14+DF14+DH14+DJ14 -> #REF! | DM14: =#REF! -> #REF! | DN14: =#REF! -> #REF! | DO14: =#REF! -> #REF! | DP14: =#REF! -> #REF! | DQ14: =#REF! -> #REF! | DR14: =#REF! -> #REF! | DS14: =#REF! -> #REF! | DT14: =#REF! -> #REF! | ... DV14: =#REF! -> #REF! | DW14: =DM14+DO14+DQ14+DS14+DU14 -> #REF! | DX14: =DN14+DP14+DR14+DT14+DV14 -> #REF! | DY14: =#REF! -> #REF! | DZ14: =#REF! -> #REF! | EA14: =#REF! -> #REF! | EB14: =#REF! -> #REF! | EC14: =#REF! -> #REF! | ED14: =#REF! -> #REF! | EE14: =#REF! -> #REF! | EF14: =#REF! -> #REF! | ... EL14: =#REF! -> #REF! | EM14: =DY14+EA14+EC14+EE14+EG14+EI14+EK14 -> #REF! | EN14: =DZ14+EB14+ED14+EF14+EH14+EJ14+EL14 -> #REF! | EO14: =#REF! -> #REF! | EP14: =#REF! -> #REF! | EQ14: =#REF! -> #REF! | ER14: =#REF! -> #REF! | ES14: =#REF! -> #REF! | ET14: =#REF! -> #REF! | EU14: =#REF! -> #REF! | EV14: =#REF! -> #REF! | ... FF14: =#REF! -> #REF! | FG14: =EO14+EQ14+ES14+EU14+EW14+EY14+FA14+FC14+FE14 -> #REF! | FH14: =FD14+FB14+EZ14+EX14+EV14+ET14+ER14+EP14+FF14 -> #REF! | FI14: =#REF! -> #REF! | FJ14: =#REF! -> #REF! | FK14: =#REF! -> #REF! | FL14: =#REF! -> #REF! | FM14: =#REF! -> #REF! | FN14: =#REF! -> #REF! | FO14: =#REF! -> #REF! | FP14: =#REF! -> #REF! | FQ14: =FI14+FK14+FM14+FO14 -> #REF! | FR14: =FJ14+FL14+FN14+FP14 -> #REF! | FS14: 1395 | FT14: 2616 | FU14: =#REF! -> #REF! | FV14: 1961 | FW14: =#REF! -> #REF! | FX14: =#REF! -> #REF!
A15: 8 | B15: Calatagan | C15: =#REF! -> #REF! | D15: =#REF! -> #REF! | E15: =C15+D15 -> #REF! | F15: =N15+V15+BV15+DL15+DX15+EN15+FH15+FR15+FT15+FV15+FX15 -> #REF! | G15: 134 | H15: 94 | I15: 145 | J15: 62.86 | K15: 322 | L15: 197.78 | M15: =G15+I15+K15 -> 601 | N15: =H15+J15+L15 -> 354.64 | O15: =#REF! -> #REF! | P15: =#REF! -> #REF! | Q15: =#REF! -> #REF! | R15: =#REF! -> #REF! | S15: =#REF! -> #REF! | T15: =#REF! -> #REF! | U15: =O15+Q15+S15 -> #REF! | V15: =P15+R15+T15 -> #REF! | W15: =#REF! -> #REF! | X15: =#REF! -> #REF! | Y15: =#REF! -> #REF! | Z15: =#REF! -> #REF! | AA15: =#REF! -> #REF! | AB15: =#REF! -> #REF! | AC15: =#REF! -> #REF! | AD15: =#REF! -> #REF! | ... AR15: =#REF! -> #REF! | AS15: =W15+Y15+AA15+AC15+AE15+AG15+AI15+AK15+AM15+AO15+AQ15 -> #REF! | AT15: =X15+Z15+AB15+AD15+AF15+AH15+AJ15+AL15+AN15+AP15+AR15 -> #REF! | AU15: =#REF! -> #REF! | AV15: =#REF! -> #REF! | AW15: =#REF! -> #REF! | AX15: =#REF! -> #REF! | AY15: =#REF! -> #REF! | AZ15: =#REF! -> #REF! | BA15: =#REF! -> #REF! | BB15: =#REF! -> #REF! | ... BH15: =#REF! -> #REF! | BI15: =AU15+AW15+AY15+BA15+BC15+BE15+BG15 -> #REF! | BJ15: =AV15+AX15+AZ15+BB15+BD15+BH15+BF15 -> #REF! | BK15: =#REF! -> #REF! | BL15: =#REF! -> #REF! | BM15: =#REF! -> #REF! | BN15: =#REF! -> #REF! | BO15: =#REF! -> #REF! | BP15: =#REF! -> #REF! | BQ15: =BK15+BM15+BO15 -> #REF! | BR15: =BL15+BN15+BP15 -> #REF! | BS15: =#REF! -> #REF! | BT15: =#REF! -> #REF! | BU15: =AS15+BI15+BQ15+BS15 -> #REF! | BV15: =AT15+BJ15+BR15+BT15 -> #REF! | BW15: 6500 | BX15: 621 | BY15: =#REF! -> #REF! | BZ15: =#REF! -> #REF! | CA15: =#REF! -> #REF! | CB15: =#REF! -> #REF! | CC15: =#REF! -> #REF! | CD15: =#REF! -> #REF! | CE15: =#REF! -> #REF! | CF15: =#REF! -> #REF! | ... DJ15: =#REF! -> #REF! | DK15: =BW15+BY15+CA15+CC15+CE15+CG15+CI15+CK15+CM15+CO15+CQ15+CS15+CU15+CW15+CY15+DA15+DC15+DE15+DG15+DI15 -> #REF! | DL15: =CX15+CV15+CT15+CR15+CP15+CN15+CL15+CJ15+CH15+CF15+CD15+CB15+BZ15+BX15+CZ15+DB15+DD15+DF15+DH15+DJ15 -> #REF! | DM15: =#REF! -> #REF! | DN15: =#REF! -> #REF! | DO15: =#REF! -> #REF! | DP15: =#REF! -> #REF! | DQ15: =#REF! -> #REF! | DR15: =#REF! -> #REF! | DS15: =#REF! -> #REF! | DT15: =#REF! -> #REF! | DU15: 217 | DV15: 89.3 | DW15: =DM15+DO15+DQ15+DS15+DU15 -> #REF! | DX15: =DN15+DP15+DR15+DT15+DV15 -> #REF! | DY15: =#REF! -> #REF! | DZ15: =#REF! -> #REF! | EA15: =#REF! -> #REF! | EB15: =#REF! -> #REF! | EC15: =#REF! -> #REF! | ED15: =#REF! -> #REF! | EE15: =#REF! -> #REF! | EF15: =#REF! -> #REF! | ... EL15: =#REF! -> #REF! | EM15: =DY15+EA15+EC15+EE15+EG15+EI15+EK15 -> #REF! | EN15: =DZ15+EB15+ED15+EF15+EH15+EJ15+EL15 -> #REF! | EO15: =#REF! -> #REF! | EP15: =#REF! -> #REF! | EQ15: =#REF! -> #REF! | ER15: =#REF! -> #REF! | ES15: =#REF! -> #REF! | ET15: =#REF! -> #REF! | EU15: =#REF! -> #REF! | EV15: =#REF! -> #REF! | ... FF15: =#REF! -> #REF! | FG15: =EO15+EQ15+ES15+EU15+EW15+EY15+FA15+FC15+FE15 -> #REF! | FH15: =FD15+FB15+EZ15+EX15+EV15+ET15+ER15+EP15+FF15 -> #REF! | FI15: =#REF! -> #REF! | FJ15: =#REF! -> #REF! | FK15: =#REF! -> #REF! | FL15: =#REF! -> #REF! | FM15: =#REF! -> #REF! | FN15: =#REF! -> #REF! | FO15: =#REF! -> #REF! | FP15: =#REF! -> #REF! | FQ15: =FI15+FK15+FM15+FO15 -> #REF! | FR15: =FJ15+FL15+FN15+FP15 -> #REF! | FS15: 47 | FT15: 19 | FV15: 2149.65 | FW15: =#REF! -> #REF! | FX15: =#REF! -> #REF!
A16: 9 | B16: Cuenca | C16: =#REF! -> #REF! | D16: 296 | E16: =C16+D16 -> #REF! | F16: =N16+V16+BV16+DL16+DX16+EN16+FH16+FR16+FT16+FV16+FX16 -> #REF! | G16: =#REF! -> #REF! | H16: =#REF! -> #REF! | I16: =#REF! -> #REF! | J16: =#REF! -> #REF! | K16: =#REF! -> #REF! | L16: =#REF! -> #REF! | M16: =G16+I16+K16 -> #REF! | N16: =H16+J16+L16 -> #REF! | O16: =#REF! -> #REF! | P16: =#REF! -> #REF! | Q16: =#REF! -> #REF! | R16: =#REF! -> #REF! | S16: =#REF! -> #REF! | T16: =#REF! -> #REF! | U16: =O16+Q16+S16 -> #REF! | V16: =P16+R16+T16 -> #REF! | W16: =#REF! -> #REF! | X16: =#REF! -> #REF! | Y16: =#REF! -> #REF! | Z16: =#REF! -> #REF! | AA16: =#REF! -> #REF! | AB16: =#REF! -> #REF! | AC16: =#REF! -> #REF! | AD16: =#REF! -> #REF! | AE16: 30 | AF16: =#REF! -> #REF! | AG16: =#REF! -> #REF! | AH16: =#REF! -> #REF! | AI16: =#REF! -> #REF! | AJ16: =#REF! -> #REF! | AK16: =#REF! -> #REF! | AL16: =#REF! -> #REF! | AM16: =#REF! -> #REF! | ... AR16: =#REF! -> #REF! | AS16: =W16+Y16+AA16+AC16+AE16+AG16+AI16+AK16+AM16+AO16+AQ16 -> #REF! | AT16: =X16+Z16+AB16+AD16+AF16+AH16+AJ16+AL16+AN16+AP16+AR16 -> #REF! | AU16: =#REF! -> #REF! | AV16: =#REF! -> #REF! | AW16: =#REF! -> #REF! | AX16: =#REF! -> #REF! | AY16: =#REF! -> #REF! | AZ16: =#REF! -> #REF! | BA16: =#REF! -> #REF! | BB16: =#REF! -> #REF! | ... BH16: =#REF! -> #REF! | BI16: =AU16+AW16+AY16+BA16+BC16+BE16+BG16 -> #REF! | BJ16: =AV16+AX16+AZ16+BB16+BD16+BH16+BF16 -> #REF! | BK16: =#REF! -> #REF! | BL16: =#REF! -> #REF! | BM16: =#REF! -> #REF! | BN16: =#REF! -> #REF! | BO16: =#REF! -> #REF! | BP16: =#REF! -> #REF! | BQ16: =BK16+BM16+BO16 -> #REF! | BR16: =BL16+BN16+BP16 -> #REF! | BS16: =#REF! -> #REF! | BT16: =#REF! -> #REF! | BU16: =AS16+BI16+BQ16+BS16 -> #REF! | BV16: =AT16+BJ16+BR16+BT16 -> #REF! | BW16: =#REF! -> #REF! | BX16: =#REF! -> #REF! | BY16: =#REF! -> #REF! | BZ16: =#REF! -> #REF! | CA16: =#REF! -> #REF! | CB16: =#REF! -> #REF! | CC16: =#REF! -> #REF! | CD16: =#REF! -> #REF! | ... DJ16: =#REF! -> #REF! | DK16: =BW16+BY16+CA16+CC16+CE16+CG16+CI16+CK16+CM16+CO16+CQ16+CS16+CU16+CW16+CY16+DA16+DC16+DE16+DG16+DI16 -> #REF! | DL16: =CX16+CV16+CT16+CR16+CP16+CN16+CL16+CJ16+CH16+CF16+CD16+CB16+BZ16+BX16+CZ16+DB16+DD16+DF16+DH16+DJ16 -> #REF! | DM16: =#REF! -> #REF! | DN16: =#REF! -> #REF! | DO16: =#REF! -> #REF! | DP16: =#REF! -> #REF! | DQ16: =#REF! -> #REF! | DR16: =#REF! -> #REF! | DS16: =#REF! -> #REF! | DT16: =#REF! -> #REF! | ... DV16: =#REF! -> #REF! | DW16: =DM16+DO16+DQ16+DS16+DU16 -> #REF! | DX16: =DN16+DP16+DR16+DT16+DV16 -> #REF! | DY16: =#REF! -> #REF! | DZ16: =#REF! -> #REF! | EA16: =#REF! -> #REF! | EB16: =#REF! -> #REF! | EC16: =#REF! -> #REF! | ED16: =#REF! -> #REF! | EE16: =#REF! -> #REF! | EF16: =#REF! -> #REF! | ... EL16: =#REF! -> #REF! | EM16: =DY16+EA16+EC16+EE16+EG16+EI16+EK16 -> #REF! | EN16: =DZ16+EB16+ED16+EF16+EH16+EJ16+EL16 -> #REF! | EO16: =#REF! -> #REF! | EP16: =#REF! -> #REF! | EQ16: =#REF! -> #REF! | ER16: =#REF! -> #REF! | ES16: =#REF! -> #REF! | ET16: =#REF! -> #REF! | EU16: =#REF! -> #REF! | EV16: =#REF! -> #REF! | ... FF16: =#REF! -> #REF! | FG16: =EO16+EQ16+ES16+EU16+EW16+EY16+FA16+FC16+FE16 -> #REF! | FH16: =FD16+FB16+EZ16+EX16+EV16+ET16+ER16+EP16+FF16 -> #REF! | FI16: =#REF! -> #REF! | FJ16: =#REF! -> #REF! | FK16: =#REF! -> #REF! | FL16: =#REF! -> #REF! | FM16: =#REF! -> #REF! | FN16: =#REF! -> #REF! | FO16: =#REF! -> #REF! | FP16: =#REF! -> #REF! | FQ16: =FI16+FK16+FM16+FO16 -> #REF! | FR16: =FJ16+FL16+FN16+FP16 -> #REF! | FS16: 411 | FT16: 674.61 | FV16: 117 | FZ16: Note: | GA16: Other Fruit Trees - not in the matrix, but data are included in the Total of "Fruit Trees"
A17: 10 | B17: Ibaan | C17: =#REF! -> #REF! | D17: =#REF! -> #REF! | E17: =C17+D17 -> #REF! | F17: =N17+V17+BV17+DL17+DX17+EN17+FH17+FR17+FT17+FV17+FX17 -> #REF! | G17: =#REF! -> #REF! | H17: =#REF! -> #REF! | I17: =#REF! -> #REF! | J17: =#REF! -> #REF! | K17: =#REF! -> #REF! | L17: =#REF! -> #REF! | M17: =G17+I17+K17 -> #REF! | N17: =H17+J17+L17 -> #REF! | O17: =#REF! -> #REF! | P17: =#REF! -> #REF! | Q17: =#REF! -> #REF! | R17: =#REF! -> #REF! | S17: =#REF! -> #REF! | T17: =#REF! -> #REF! | U17: =O17+Q17+S17 -> #REF! | V17: =P17+R17+T17 -> #REF! | W17: =#REF! -> #REF! | X17: =#REF! -> #REF! | Y17: =#REF! -> #REF! | Z17: =#REF! -> #REF! | AA17: =#REF! -> #REF! | AB17: =#REF! -> #REF! | AC17: =#REF! -> #REF! | AD17: =#REF! -> #REF! | ... AR17: =#REF! -> #REF! | AS17: =W17+Y17+AA17+AC17+AE17+AG17+AI17+AK17+AM17+AO17+AQ17 -> #REF! | AT17: =X17+Z17+AB17+AD17+AF17+AH17+AJ17+AL17+AN17+AP17+AR17 -> #REF! | AU17: =#REF! -> #REF! | AV17: =#REF! -> #REF! | AW17: =#REF! -> #REF! | AX17: =#REF! -> #REF! | AY17: =#REF! -> #REF! | AZ17: =#REF! -> #REF! | BA17: =#REF! -> #REF! | BB17: =#REF! -> #REF! | ... BH17: =#REF! -> #REF! | BI17: =AU17+AW17+AY17+BA17+BC17+BE17+BG17 -> #REF! | BJ17: =AV17+AX17+AZ17+BB17+BD17+BH17+BF17 -> #REF! | BK17: =#REF! -> #REF! | BL17: =#REF! -> #REF! | BM17: =#REF! -> #REF! | BN17: =#REF! -> #REF! | BO17: =#REF! -> #REF! | BP17: =#REF! -> #REF! | BQ17: =BK17+BM17+BO17 -> #REF! | BR17: =BL17+BN17+BP17 -> #REF! | BS17: =#REF! -> #REF! | BT17: =#REF! -> #REF! | BU17: =AS17+BI17+BQ17+BS17 -> #REF! | BV17: =AT17+BJ17+BR17+BT17 -> #REF! | BW17: =#REF! -> #REF! | BX17: =#REF! -> #REF! | BY17: =#REF! -> #REF! | BZ17: =#REF! -> #REF! | CA17: =#REF! -> #REF! | CB17: =#REF! -> #REF! | CC17: =#REF! -> #REF! | CD17: =#REF! -> #REF! | ... DJ17: =#REF! -> #REF! | DK17: =BW17+BY17+CA17+CC17+CE17+CG17+CI17+CK17+CM17+CO17+CQ17+CS17+CU17+CW17+CY17+DA17+DC17+DE17+DG17+DI17 -> #REF! | DL17: =CX17+CV17+CT17+CR17+CP17+CN17+CL17+CJ17+CH17+CF17+CD17+CB17+BZ17+BX17+CZ17+DB17+DD17+DF17+DH17+DJ17 -> #REF! | DM17: =#REF! -> #REF! | DN17: =#REF! -> #REF! | DO17: =#REF! -> #REF! | DP17: =#REF! -> #REF! | DQ17: =#REF! -> #REF! | DR17: =#REF! -> #REF! | DS17: =#REF! -> #REF! | DT17: =#REF! -> #REF! | ... DV17: =#REF! -> #REF! | DW17: =DM17+DO17+DQ17+DS17+DU17 -> #REF! | DX17: =DN17+DP17+DR17+DT17+DV17 -> #REF! | DY17: =#REF! -> #REF! | DZ17: =#REF! -> #REF! | EA17: =#REF! -> #REF! | EB17: =#REF! -> #REF! | EC17: =#REF! -> #REF! | ED17: =#REF! -> #REF! | EE17: =#REF! -> #REF! | EF17: =#REF! -> #REF! | ... EL17: =#REF! -> #REF! | EM17: =DY17+EA17+EC17+EE17+EG17+EI17+EK17 -> #REF! | EN17: =DZ17+EB17+ED17+EF17+EH17+EJ17+EL17 -> #REF! | EO17: =#REF! -> #REF! | EP17: =#REF! -> #REF! | EQ17: =#REF! -> #REF! | ER17: =#REF! -> #REF! | ES17: =#REF! -> #REF! | ET17: =#REF! -> #REF! | EU17: =#REF! -> #REF! | EV17: =#REF! -> #REF! | ... FF17: =#REF! -> #REF! | FG17: =EO17+EQ17+ES17+EU17+EW17+EY17+FA17+FC17+FE17 -> #REF! | FH17: =FD17+FB17+EZ17+EX17+EV17+ET17+ER17+EP17+FF17 -> #REF! | FI17: =#REF! -> #REF! | FJ17: =#REF! -> #REF! | FK17: =#REF! -> #REF! | FL17: =#REF! -> #REF! | FM17: =#REF! -> #REF! | FN17: =#REF! -> #REF! | FO17: =#REF! -> #REF! | FP17: =#REF! -> #REF! | FQ17: =FI17+FK17+FM17+FO17 -> #REF! | FR17: =FJ17+FL17+FN17+FP17 -> #REF! | FS17: 96 | FT17: 74 | FV17: 1376 | FW17: 51 | FX17: 2.5 | GA17: Batangas City- Other Fruit Trees , NF - 1,040, A - 2,400.00
A18: 11 | B18: Laurel | C18: =#REF! -> #REF! | D18: =#REF! -> #REF! | E18: =C18+D18 -> #REF! | F18: =N18+V18+BV18+DL18+DX18+EN18+FH18+FR18+FT18+FV18+FX18 -> #REF! | G18: 306 | H18: 230 | I18: =#REF! -> #REF! | J18: =#REF! -> #REF! | K18: 83 | L18: 41.5 | M18: =G18+I18+K18 -> #REF! | N18: =H18+J18+L18 -> #REF! | O18: =#REF! -> #REF! | P18: =#REF! -> #REF! | Q18: =#REF! -> #REF! | R18: =#REF! -> #REF! | S18: =#REF! -> #REF! | T18: =#REF! -> #REF! | U18: =O18+Q18+S18 -> #REF! | V18: =P18+R18+T18 -> #REF! | W18: =#REF! -> #REF! | X18: =#REF! -> #REF! | Y18: =#REF! -> #REF! | Z18: =#REF! -> #REF! | AA18: =#REF! -> #REF! | AB18: =#REF! -> #REF! | AC18: =#REF! -> #REF! | AD18: =#REF! -> #REF! | ... AR18: =#REF! -> #REF! | AS18: =W18+Y18+AA18+AC18+AE18+AG18+AI18+AK18+AM18+AO18+AQ18 -> #REF! | AT18: =X18+Z18+AB18+AD18+AF18+AH18+AJ18+AL18+AN18+AP18+AR18 -> #REF! | AU18: =#REF! -> #REF! | AV18: =#REF! -> #REF! | AW18: =#REF! -> #REF! | AX18: =#REF! -> #REF! | AY18: =#REF! -> #REF! | AZ18: =#REF! -> #REF! | BA18: =#REF! -> #REF! | BB18: =#REF! -> #REF! | ... BH18: =#REF! -> #REF! | BI18: =AU18+AW18+AY18+BA18+BC18+BE18+BG18 -> #REF! | BJ18: =AV18+AX18+AZ18+BB18+BD18+BH18+BF18 -> #REF! | BK18: =#REF! -> #REF! | BL18: =#REF! -> #REF! | BM18: =#REF! -> #REF! | BN18: =#REF! -> #REF! | BO18: =#REF! -> #REF! | BP18: =#REF! -> #REF! | BQ18: =BK18+BM18+BO18 -> #REF! | BR18: =BL18+BN18+BP18 -> #REF! | BS18: =#REF! -> #REF! | BT18: =#REF! -> #REF! | BU18: =AS18+BI18+BQ18+BS18 -> #REF! | BV18: =AT18+BJ18+BR18+BT18 -> #REF! | BW18: =#REF! -> #REF! | BX18: =#REF! -> #REF! | BY18: =#REF! -> #REF! | BZ18: =#REF! -> #REF! | CA18: =#REF! -> #REF! | CB18: =#REF! -> #REF! | CC18: =#REF! -> #REF! | CD18: =#REF! -> #REF! | ... DJ18: =#REF! -> #REF! | DK18: =BW18+BY18+CA18+CC18+CE18+CG18+CI18+CK18+CM18+CO18+CQ18+CS18+CU18+CW18+CY18+DA18+DC18+DE18+DG18+DI18 -> #REF! | DL18: =CX18+CV18+CT18+CR18+CP18+CN18+CL18+CJ18+CH18+CF18+CD18+CB18+BZ18+BX18+CZ18+DB18+DD18+DF18+DH18+DJ18 -> #REF! | DM18: =#REF! -> #REF! | DN18: =#REF! -> #REF! | DO18: =#REF! -> #REF! | DP18: =#REF! -> #REF! | DQ18: =#REF! -> #REF! | DR18: =#REF! -> #REF! | DS18: =#REF! -> #REF! | DT18: =#REF! -> #REF! | ... DV18: =#REF! -> #REF! | DW18: =DM18+DO18+DQ18+DS18+DU18 -> #REF! | DX18: =DN18+DP18+DR18+DT18+DV18 -> #REF! | DY18: =#REF! -> #REF! | DZ18: =#REF! -> #REF! | EA18: =#REF! -> #REF! | EB18: =#REF! -> #REF! | EC18: =#REF! -> #REF! | ED18: =#REF! -> #REF! | EE18: =#REF! -> #REF! | EF18: =#REF! -> #REF! | ... EL18: =#REF! -> #REF! | EM18: =DY18+EA18+EC18+EE18+EG18+EI18+EK18 -> #REF! | EN18: =DZ18+EB18+ED18+EF18+EH18+EJ18+EL18 -> #REF! | EO18: =#REF! -> #REF! | EP18: =#REF! -> #REF! | EQ18: =#REF! -> #REF! | ER18: =#REF! -> #REF! | ES18: =#REF! -> #REF! | ET18: =#REF! -> #REF! | EU18: =#REF! -> #REF! | EV18: =#REF! -> #REF! | ... FF18: =#REF! -> #REF! | FG18: =EO18+EQ18+ES18+EU18+EW18+EY18+FA18+FC18+FE18 -> #REF! | FH18: =FD18+FB18+EZ18+EX18+EV18+ET18+ER18+EP18+FF18 -> #REF! | FI18: =#REF! -> #REF! | FJ18: =#REF! -> #REF! | FK18: =#REF! -> #REF! | FL18: =#REF! -> #REF! | FM18: =#REF! -> #REF! | FN18: =#REF! -> #REF! | FO18: =#REF! -> #REF! | FP18: =#REF! -> #REF! | FQ18: =FI18+FK18+FM18+FO18 -> #REF! | FR18: =FJ18+FL18+FN18+FP18 -> #REF! | FS18: 588 | FT18: 894 | FU18: =#REF! -> #REF! | FV18: =#REF! -> #REF! | GA18: Lobo - Other crops , NF - 953, A - 7.98
A19: 12 | B19: Lemery | C19: =#REF! -> #REF! | D19: =#REF! -> #REF! | E19: =C19+D19 -> #REF! | F19: =N19+V19+BV19+DL19+DX19+EN19+FH19+FR19+FT19+FV19+FX19 -> #REF! | G19: =#REF! -> #REF! | H19: =#REF! -> #REF! | I19: =#REF! -> #REF! | J19: =#REF! -> #REF! | K19: =#REF! -> #REF! | L19: =#REF! -> #REF! | M19: =G19+I19+K19 -> #REF! | N19: =H19+J19+L19 -> #REF! | O19: 277 | P19: 150 | Q19: 1458 | R19: 1359.22 | S19: =#REF! -> #REF! | T19: =#REF! -> #REF! | U19: =O19+Q19+S19 -> #REF! | V19: =P19+R19+T19 -> #REF! | W19: =#REF! -> #REF! | X19: =#REF! -> #REF! | Y19: =#REF! -> #REF! | Z19: =#REF! -> #REF! | AA19: =#REF! -> #REF! | AB19: =#REF! -> #REF! | AC19: =#REF! -> #REF! | AD19: =#REF! -> #REF! | ... AR19: =#REF! -> #REF! | AS19: =W19+Y19+AA19+AC19+AE19+AG19+AI19+AK19+AM19+AO19+AQ19 -> #REF! | AT19: =X19+Z19+AB19+AD19+AF19+AH19+AJ19+AL19+AN19+AP19+AR19 -> #REF! | AU19: =#REF! -> #REF! | AV19: =#REF! -> #REF! | AW19: =#REF! -> #REF! | AX19: =#REF! -> #REF! | AY19: =#REF! -> #REF! | AZ19: =#REF! -> #REF! | BA19: =#REF! -> #REF! | BB19: =#REF! -> #REF! | ... BH19: =#REF! -> #REF! | BI19: =AU19+AW19+AY19+BA19+BC19+BE19+BG19 -> #REF! | BJ19: =AV19+AX19+AZ19+BB19+BD19+BH19+BF19 -> #REF! | BK19: =#REF! -> #REF! | BL19: =#REF! -> #REF! | BM19: =#REF! -> #REF! | BN19: =#REF! -> #REF! | BO19: =#REF! -> #REF! | BP19: =#REF! -> #REF! | BQ19: =BK19+BM19+BO19 -> #REF! | BR19: =BL19+BN19+BP19 -> #REF! | BS19: =#REF! -> #REF! | BT19: =#REF! -> #REF! | BU19: =AS19+BI19+BQ19+BS19 -> #REF! | BV19: =AT19+BJ19+BR19+BT19 -> #REF! | BW19: =#REF! -> #REF! | BX19: =#REF! -> #REF! | BY19: =#REF! -> #REF! | BZ19: =#REF! -> #REF! | CA19: =#REF! -> #REF! | CB19: =#REF! -> #REF! | CC19: =#REF! -> #REF! | CD19: =#REF! -> #REF! | ... DJ19: =#REF! -> #REF! | DK19: =BW19+BY19+CA19+CC19+CE19+CG19+CI19+CK19+CM19+CO19+CQ19+CS19+CU19+CW19+CY19+DA19+DC19+DE19+DG19+DI19 -> #REF! | DL19: =CX19+CV19+CT19+CR19+CP19+CN19+CL19+CJ19+CH19+CF19+CD19+CB19+BZ19+BX19+CZ19+DB19+DD19+DF19+DH19+DJ19 -> #REF! | DM19: =#REF! -> #REF! | DN19: =#REF! -> #REF! | DO19: =#REF! -> #REF! | DP19: =#REF! -> #REF! | DQ19: =#REF! -> #REF! | DR19: =#REF! -> #REF! | DS19: =#REF! -> #REF! | DT19: =#REF! -> #REF! | ... DV19: =#REF! -> #REF! | DW19: =DM19+DO19+DQ19+DS19+DU19 -> #REF! | DX19: =DN19+DP19+DR19+DT19+DV19 -> #REF! | DY19: =#REF! -> #REF! | DZ19: =#REF! -> #REF! | EA19: =#REF! -> #REF! | EB19: =#REF! -> #REF! | EC19: =#REF! -> #REF! | ED19: =#REF! -> #REF! | EE19: =#REF! -> #REF! | EF19: =#REF! -> #REF! | EG19: 194 | EH19: 72.73 | EI19: 133 | EJ19: 33.52 | EK19: =#REF! -> #REF! | EL19: =#REF! -> #REF! | EM19: =DY19+EA19+EC19+EE19+EG19+EI19+EK19 -> #REF! | EN19: =DZ19+EB19+ED19+EF19+EH19+EJ19+EL19 -> #REF! | EO19: =#REF! -> #REF! | EP19: =#REF! -> #REF! | EQ19: =#REF! -> #REF! | ER19: =#REF! -> #REF! | ES19: =#REF! -> #REF! | ET19: =#REF! -> #REF! | EU19: =#REF! -> #REF! | EV19: =#REF! -> #REF! | ... FF19: =#REF! -> #REF! | FG19: =EO19+EQ19+ES19+EU19+EW19+EY19+FA19+FC19+FE19 -> #REF! | FH19: =FD19+FB19+EZ19+EX19+EV19+ET19+ER19+EP19+FF19 -> #REF! | FI19: =#REF! -> #REF! | FJ19: =#REF! -> #REF! | FK19: =#REF! -> #REF! | FL19: =#REF! -> #REF! | FM19: =#REF! -> #REF! | FN19: =#REF! -> #REF! | FO19: =#REF! -> #REF! | FP19: =#REF! -> #REF! | FQ19: =FI19+FK19+FM19+FO19 -> #REF! | FR19: =FJ19+FL19+FN19+FP19 -> #REF! | FS19: 2417 | FT19: 2897.6 | FU19: =#REF! -> #REF! | FV19: 147 | FW19: =#REF! -> #REF! | FX19: =#REF! -> #REF! | GA19: Mabini - Other Fruit Trees , NF - 459, A - 195.00
A20: 13 | B20: Lian | C20: =#REF! -> #REF! | D20: =#REF! -> #REF! | E20: =C20+D20 -> #REF! | F20: =N20+V20+BV20+DL20+DX20+EN20+FH20+FR20+FT20+FV20+FX20 -> #REF! | G20: 576 | H20: 563 | I20: 218 | J20: 201 | K20: 148 | L20: 123.25 | M20: =G20+I20+K20 -> 942 | N20: =H20+J20+L20 -> 887.25 | O20: =#REF! -> #REF! | P20: =#REF! -> #REF! | Q20: =#REF! -> #REF! | R20: =#REF! -> #REF! | S20: =#REF! -> #REF! | T20: =#REF! -> #REF! | U20: =O20+Q20+S20 -> #REF! | V20: =P20+R20+T20 -> #REF! | W20: =#REF! -> #REF! | X20: =#REF! -> #REF! | Y20: =#REF! -> #REF! | Z20: =#REF! -> #REF! | AA20: =#REF! -> #REF! | AB20: =#REF! -> #REF! | AC20: =#REF! -> #REF! | AD20: =#REF! -> #REF! | ... AR20: =#REF! -> #REF! | AS20: =W20+Y20+AA20+AC20+AE20+AG20+AI20+AK20+AM20+AO20+AQ20 -> #REF! | AT20: =X20+Z20+AB20+AD20+AF20+AH20+AJ20+AL20+AN20+AP20+AR20 -> #REF! | AU20: =#REF! -> #REF! | AV20: =#REF! -> #REF! | AW20: =#REF! -> #REF! | AX20: =#REF! -> #REF! | AY20: =#REF! -> #REF! | AZ20: =#REF! -> #REF! | BA20: =#REF! -> #REF! | BB20: =#REF! -> #REF! | ... BH20: =#REF! -> #REF! | BI20: =AU20+AW20+AY20+BA20+BC20+BE20+BG20 -> #REF! | BJ20: =AV20+AX20+AZ20+BB20+BD20+BH20+BF20 -> #REF! | BK20: =#REF! -> #REF! | BL20: =#REF! -> #REF! | BM20: =#REF! -> #REF! | BN20: =#REF! -> #REF! | BO20: =#REF! -> #REF! | BP20: =#REF! -> #REF! | BQ20: =BK20+BM20+BO20 -> #REF! | BR20: =BL20+BN20+BP20 -> #REF! | BS20: =#REF! -> #REF! | BT20: =#REF! -> #REF! | BU20: =AS20+BI20+BQ20+BS20 -> #REF! | BV20: =AT20+BJ20+BR20+BT20 -> #REF! | BW20: =#REF! -> #REF! | BX20: =#REF! -> #REF! | BY20: =#REF! -> #REF! | BZ20: =#REF! -> #REF! | CA20: =#REF! -> #REF! | CB20: =#REF! -> #REF! | CC20: =#REF! -> #REF! | CD20: =#REF! -> #REF! | ... DJ20: =#REF! -> #REF! | DK20: =BW20+BY20+CA20+CC20+CE20+CG20+CI20+CK20+CM20+CO20+CQ20+CS20+CU20+CW20+CY20+DA20+DC20+DE20+DG20+DI20 -> #REF! | DL20: =CX20+CV20+CT20+CR20+CP20+CN20+CL20+CJ20+CH20+CF20+CD20+CB20+BZ20+BX20+CZ20+DB20+DD20+DF20+DH20+DJ20 -> #REF! | DM20: =#REF! -> #REF! | DN20: =#REF! -> #REF! | DO20: =#REF! -> #REF! | DP20: =#REF! -> #REF! | DQ20: =#REF! -> #REF! | DR20: =#REF! -> #REF! | DS20: =#REF! -> #REF! | DT20: =#REF! -> #REF! | ... DV20: =#REF! -> #REF! | DW20: =DM20+DO20+DQ20+DS20+DU20 -> #REF! | DX20: =DN20+DP20+DR20+DT20+DV20 -> #REF! | DY20: =#REF! -> #REF! | DZ20: =#REF! -> #REF! | EA20: =#REF! -> #REF! | EB20: =#REF! -> #REF! | EC20: =#REF! -> #REF! | ED20: =#REF! -> #REF! | EE20: =#REF! -> #REF! | EF20: =#REF! -> #REF! | ... EL20: =#REF! -> #REF! | EM20: =DY20+EA20+EC20+EE20+EG20+EI20+EK20 -> #REF! | EN20: =DZ20+EB20+ED20+EF20+EH20+EJ20+EL20 -> #REF! | EO20: =#REF! -> #REF! | EP20: =#REF! -> #REF! | EQ20: =#REF! -> #REF! | ER20: =#REF! -> #REF! | ES20: =#REF! -> #REF! | ET20: =#REF! -> #REF! | EU20: =#REF! -> #REF! | EV20: =#REF! -> #REF! | ... FF20: =#REF! -> #REF! | FG20: =EO20+EQ20+ES20+EU20+EW20+EY20+FA20+FC20+FE20 -> #REF! | FH20: =FD20+FB20+EZ20+EX20+EV20+ET20+ER20+EP20+FF20 -> #REF! | FI20: =#REF! -> #REF! | FJ20: =#REF! -> #REF! | FK20: =#REF! -> #REF! | FL20: =#REF! -> #REF! | FM20: =#REF! -> #REF! | FN20: =#REF! -> #REF! | FO20: =#REF! -> #REF! | FP20: =#REF! -> #REF! | FQ20: =FI20+FK20+FM20+FO20 -> #REF! | FR20: =FJ20+FL20+FN20+FP20 -> #REF! | FS20: 67 | FT20: 66 | FU20: =#REF! -> #REF! | FV20: 2110.06 | FW20: =#REF! -> #REF! | FX20: =#REF! -> #REF! | GA20: Mataas na Kahoy- Other Fruit Trees , NF - 22, A - 4.53
A21: 14 | B21: Lipa City | C21: =#REF! -> #REF! | E21: =C21+D21 -> #REF! | F21: =N21+V21+BV21+DL21+DX21+EN21+FH21+FR21+FT21+FV21+FX21 -> #REF! | G21: 48 | H21: 61.75 | I21: =#REF! -> #REF! | J21: =#REF! -> #REF! | K21: 27 | L21: 34 | M21: =G21+I21+K21 -> #REF! | N21: =H21+J21+L21 -> #REF! | O21: 15 | P21: 117.5 | Q21: 272 | R21: 279.98 | S21: =#REF! -> #REF! | T21: =#REF! -> #REF! | U21: =O21+Q21+S21 -> #REF! | V21: =P21+R21+T21 -> #REF! | W21: =#REF! -> #REF! | X21: =#REF! -> #REF! | Y21: =#REF! -> #REF! | Z21: =#REF! -> #REF! | AA21: =#REF! -> #REF! | AB21: =#REF! -> #REF! | AC21: =#REF! -> #REF! | AD21: =#REF! -> #REF! | ... AR21: =#REF! -> #REF! | AS21: =W21+Y21+AA21+AC21+AE21+AG21+AI21+AK21+AM21+AO21+AQ21 -> #REF! | AT21: =X21+Z21+AB21+AD21+AF21+AH21+AJ21+AL21+AN21+AP21+AR21 -> #REF! | AU21: =#REF! -> #REF! | AV21: =#REF! -> #REF! | AW21: =#REF! -> #REF! | AX21: =#REF! -> #REF! | AY21: =#REF! -> #REF! | AZ21: =#REF! -> #REF! | BA21: =#REF! -> #REF! | BB21: =#REF! -> #REF! | ... BH21: =#REF! -> #REF! | BI21: =AU21+AW21+AY21+BA21+BC21+BE21+BG21 -> #REF! | BJ21: =AV21+AX21+AZ21+BB21+BD21+BH21+BF21 -> #REF! | BK21: =#REF! -> #REF! | BL21: =#REF! -> #REF! | BM21: =#REF! -> #REF! | BN21: =#REF! -> #REF! | BO21: =#REF! -> #REF! | BP21: =#REF! -> #REF! | BQ21: =BK21+BM21+BO21 -> #REF! | BR21: =BL21+BN21+BP21 -> #REF! | BS21: =#REF! -> #REF! | BT21: =#REF! -> #REF! | BU21: =AS21+BI21+BQ21+BS21 -> #REF! | BV21: =AT21+BJ21+BR21+BT21 -> #REF! | BW21: =#REF! -> #REF! | BX21: =#REF! -> #REF! | BY21: =#REF! -> #REF! | BZ21: =#REF! -> #REF! | CA21: =#REF! -> #REF! | CB21: =#REF! -> #REF! | CC21: =#REF! -> #REF! | CD21: =#REF! -> #REF! | ... DJ21: =#REF! -> #REF! | DK21: =BW21+BY21+CA21+CC21+CE21+CG21+CI21+CK21+CM21+CO21+CQ21+CS21+CU21+CW21+CY21+DA21+DC21+DE21+DG21+DI21 -> #REF! | DL21: =CX21+CV21+CT21+CR21+CP21+CN21+CL21+CJ21+CH21+CF21+CD21+CB21+BZ21+BX21+CZ21+DB21+DD21+DF21+DH21+DJ21 -> #REF! | DM21: =#REF! -> #REF! | DN21: =#REF! -> #REF! | DO21: =#REF! -> #REF! | DP21: =#REF! -> #REF! | DQ21: =#REF! -> #REF! | DR21: =#REF! -> #REF! | DS21: =#REF! -> #REF! | DT21: =#REF! -> #REF! | ... DV21: =#REF! -> #REF! | DW21: =DM21+DO21+DQ21+DS21+DU21 -> #REF! | DX21: =DN21+DP21+DR21+DT21+DV21 -> #REF! | DY21: =#REF! -> #REF! | DZ21: =#REF! -> #REF! | EA21: =#REF! -> #REF! | EB21: =#REF! -> #REF! | EC21: =#REF! -> #REF! | ED21: =#REF! -> #REF! | EE21: =#REF! -> #REF! | EF21: =#REF! -> #REF! | ... EL21: =#REF! -> #REF! | EM21: =DY21+EA21+EC21+EE21+EG21+EI21+EK21 -> #REF! | EN21: =DZ21+EB21+ED21+EF21+EH21+EJ21+EL21 -> #REF! | EO21: =#REF! -> #REF! | EP21: =#REF! -> #REF! | EQ21: =#REF! -> #REF! | ER21: =#REF! -> #REF! | ES21: =#REF! -> #REF! | ET21: =#REF! -> #REF! | EU21: =#REF! -> #REF! | EV21: =#REF! -> #REF! | ... FF21: =#REF! -> #REF! | FG21: =EO21+EQ21+ES21+EU21+EW21+EY21+FA21+FC21+FE21 -> #REF! | FH21: =FD21+FB21+EZ21+EX21+EV21+ET21+ER21+EP21+FF21 -> #REF! | FI21: =#REF! -> #REF! | FJ21: =#REF! -> #REF! | FK21: =#REF! -> #REF! | FL21: =#REF! -> #REF! | FM21: =#REF! -> #REF! | FN21: =#REF! -> #REF! | FO21: =#REF! -> #REF! | FP21: =#REF! -> #REF! | FQ21: =FI21+FK21+FM21+FO21 -> #REF! | FR21: =FJ21+FL21+FN21+FP21 -> #REF! | FS21: 1317 | FT21: 2036.21 | FU21: =#REF! -> #REF! | FV21: 568 | FW21: =#REF! -> #REF! | FX21: =#REF! -> #REF! | GA21: San Juan - Other Fruit Trees , NF - 308, A - 370.08
A22: 15 | B22: Lobo | E22: =M22+U22+BU22+DK22+DW22+EM22+FG22+FQ22+FS22+FU22+FW22 -> #REF! | F22: =N22+V22+BV22+DL22+DX22+EN22+FH22+FR22+FT22+FV22+FX22 -> 2501.382 | G22: 498 | H22: 232.54 | K22: 126 | L22: 36.63 | M22: =G22+I22+K22 -> 624 | N22: =H22+J22+L22 -> 269.17 | U22: 347 | V22: 14 | W22: 59 | X22: 0.1 | Y22: 424 | Z22: 0.56 | AA22: 179 | AB22: 0.27 | AC22: 209 | AD22: 0.14 | AE22: 431 | AF22: 0.44 | AG22: 54 | AH22: 0.2 | AI22: 44 | AJ22: 0.08 | AK22: 89 | AL22: 0.11 | AS22: =W22+Y22+AA22+AC22+AE22+AG22+AI22+AK22+AM22+AO22+AQ22 -> 1489 | AT22: =X22+Z22+AB22+AD22+AF22+AH22+AJ22+AL22+AN22+AP22+AR22 -> 1.9 | AU22: 13 | AV22: 0.06 | AW22: 20 | AX22: 0.34 | BE22: 1234 | BF22: 8.72 | BI22: =AU22+AW22+AY22+BA22+BC22+BE22+BG22 -> 1267 | BJ22: =AV22+AX22+AZ22+BB22+BD22+BH22+BF22 -> 9.12 | BK22: 12 | BL22: 0.002 | BQ22: =BK22+BM22+BO22 -> 12 | BR22: =BL22+BN22+BP22 -> 0.002 | BU22: =AS22+BI22+BQ22+BS22 -> 2768 | BV22: =AT22+BJ22+BR22+BT22 -> 11.022 | BW22: 3333 | BX22: 125.49 | CA22: 211 | CB22: 9.23 | CC22: 147 | CD22: 7.08 | CE22: 987 | CF22: 77.69 | CG22: 1825 | CH22: 27.72 | CI22: 831 | CJ22: 42.26 | CK22: 245 | CL22: 31.96 | CM22: 107 | CN22: 1.75 | CQ22: 1016 | CR22: 38.16 | CS22: 1070 | CT22: 44.52 | CY22: 152 | CZ22: 2.92 | DA22: 762 | DB22: 41.79 | DC22: 140 | DD22: 1.23 | DK22: =BW22+BY22+CA22+CC22+CE22+CG22+CI22+CK22+CM22+CO22+CQ22+CS22+CU22+CW22+CY22+DA22+DC22+DE22+DG22+DI22+477+10 -> 11313 | DL22: =CX22+CV22+CT22+CR22+CP22+CN22+CL22+CJ22+CH22+CF22+CD22+CB22+BZ22+BX22+CZ22+DB22+DD22+DF22+DH22+DJ22+3.15+0.63 -> 455.58 | DQ22: 851 | DR22: 10 | DU22: 566 | DV22: 2.06 | DW22: =DM22+DO22+DQ22+DS22+DU22 -> 1417 | DX22: =DN22+DP22+DR22+DT22+DV22 -> 12.06 | DY22: 184 | DZ22: 1.17 | EA22: 824 | EB22: 2.43 | EE22: 400 | EF22: 0.77 | EM22: =DY22+EA22+EC22+EE22+EG22+EI22+EK22+466 -> 1874 | EN22: =DZ22+EB22+ED22+EF22+EH22+EJ22+EL22+4.2 -> 8.57 | FG22: 745 | FH22: 3.23 | FI22: 442 | FJ22: 9.55 | FK22: 410 | FL22: 7.79 | FO22: 1123 | FP22: 97.93 | FQ22: =FI22+FK22+FM22+FO22 -> 1975 | FR22: =FJ22+FL22+FN22+FP22 -> 115.27 | FS22: 1174 | FT22: 1606 | FU22: =#REF! -> #REF! | FW22: 324 | FX22: 6.48 | GA22: Sta. Teresita - Other Fruit Trees , NF - 40, A - 0.52
A23: 16 | B23: Mabini | C23: =#REF! -> #REF! | D23: =#REF! -> #REF! | E23: =C23+D23 -> #REF! | F23: =N23+V23+BV23+DL23+DX23+EN23+FH23+FR23+FT23+FV23+FX23 -> #REF! | G23: =#REF! -> #REF! | H23: =#REF! -> #REF! | I23: =#REF! -> #REF! | J23: =#REF! -> #REF! | K23: =#REF! -> #REF! | L23: =#REF! -> #REF! | M23: =G23+I23+K23 -> #REF! | N23: =H23+J23+L23 -> #REF! | O23: 74 | P23: 31.25 | Q23: 120 | R23: 56.25 | S23: 194 | T23: 87.5 | U23: =O23+Q23+S23 -> 388 | V23: =P23+R23+T23 -> 175 | AS23: =W23+Y23+AA23+AC23+AE23+AG23+AI23+AK23+AM23+AO23+AQ23 -> 0 | AT23: =X23+Z23+AB23+AD23+AF23+AH23+AJ23+AL23+AN23+AP23+AR23 -> 0 | BI23: =AU23+AW23+AY23+BA23+BC23+BE23+BG23 -> 0 | BJ23: =AV23+AX23+AZ23+BB23+BD23+BH23+BF23 -> 0 | BK23: =#REF! -> #REF! | BL23: =#REF! -> #REF! | BM23: =#REF! -> #REF! | BN23: =#REF! -> #REF! | BO23: =#REF! -> #REF! | BP23: =#REF! -> #REF! | BQ23: =BK23+BM23+BO23 -> #REF! | BR23: =BL23+BN23+BP23 -> #REF! | BS23: 247 | BT23: 76.5 | BU23: =AS23+BI23+BQ23+BS23 -> #REF! | BV23: =AT23+BJ23+BR23+BT23 -> #REF! | BW23: 403 | BX23: 272 | CC23: 15 | CD23: 5.5 | CG23: 69 | CH23: 27.5 | CM23: 229 | CN23: 115.75 | DI23: =#REF! -> #REF! | DJ23: =#REF! -> #REF! | DK23: =BW23+BY23+CA23+CC23+CE23+CG23+CI23+CK23+CM23+CO23+CQ23+CS23+CU23+CW23+CY23+DA23+DC23+DE23+DG23+DI23+459 -> #REF! | DL23: =CX23+CV23+CT23+CR23+CP23+CN23+CL23+CJ23+CH23+CF23+CD23+CB23+BZ23+BX23+CZ23+DB23+DD23+DF23+DH23+DJ23+195 -> #REF! | DM23: 175 | DN23: 39.5 | DO23: =#REF! -> #REF! | DP23: =#REF! -> #REF! | DQ23: =#REF! -> #REF! | DR23: =#REF! -> #REF! | DS23: =#REF! -> #REF! | DT23: =#REF! -> #REF! | DU23: 296 | DV23: 72.5 | DW23: =DM23+DO23+DQ23+DS23+DU23 -> #REF! | DX23: =DN23+DP23+DR23+DT23+DV23 -> #REF! | DY23: =#REF! -> #REF! | DZ23: =#REF! -> #REF! | EA23: =#REF! -> #REF! | EB23: =#REF! -> #REF! | EC23: =#REF! -> #REF! | ED23: =#REF! -> #REF! | EE23: =#REF! -> #REF! | EF23: =#REF! -> #REF! | ... EL23: =#REF! -> #REF! | EM23: =DY23+EA23+EC23+EE23+EG23+EI23+EK23 -> #REF! | EN23: =DZ23+EB23+ED23+EF23+EH23+EJ23+EL23 -> #REF! | EO23: =#REF! -> #REF! | EP23: =#REF! -> #REF! | EQ23: =#REF! -> #REF! | ER23: =#REF! -> #REF! | ES23: =#REF! -> #REF! | ET23: =#REF! -> #REF! | EU23: =#REF! -> #REF! | EV23: =#REF! -> #REF! | ... FF23: =#REF! -> #REF! | FG23: =EO23+EQ23+ES23+EU23+EW23+EY23+FA23+FC23+FE23 -> #REF! | FH23: =FD23+FB23+EZ23+EX23+EV23+ET23+ER23+EP23+FF23 -> #REF! | FO23: 494 | FP23: 282.5 | FQ23: =FI23+FK23+FM23+FO23 -> 494 | FR23: =FJ23+FL23+FN23+FP23 -> 282.5 | FS23: 177 | FT23: 269 | FU23: =#REF! -> #REF! | FV23: =#REF! -> #REF! | FW23: =#REF! -> #REF! | FX23: =#REF! -> #REF!
A24: 17 | B24: Malvar | C24: =#REF! -> #REF! | D24: =#REF! -> #REF! | E24: =C24+D24 -> #REF! | F24: =N24+V24+BV24+DL24+DX24+EN24+FH24+FR24+FT24+FV24+FX24 -> #REF! | G24: =#REF! -> #REF! | H24: =#REF! -> #REF! | I24: =#REF! -> #REF! | J24: =#REF! -> #REF! | K24: 100 | L24: 131.7 | M24: =G24+I24+K24 -> #REF! | N24: =H24+J24+L24 -> #REF! | O24: =#REF! -> #REF! | P24: =#REF! -> #REF! | Q24: =#REF! -> #REF! | R24: =#REF! -> #REF! | S24: 190 | T24: 235.7 | U24: =O24+Q24+S24 -> #REF! | V24: =P24+R24+T24 -> #REF! | W24: =#REF! -> #REF! | X24: =#REF! -> #REF! | Y24: =#REF! -> #REF! | Z24: =#REF! -> #REF! | AA24: =#REF! -> #REF! | AB24: =#REF! -> #REF! | AC24: =#REF! -> #REF! | AD24: =#REF! -> #REF! | ... AR24: =#REF! -> #REF! | AS24: =W24+Y24+AA24+AC24+AE24+AG24+AI24+AK24+AM24+AO24+AQ24 -> #REF! | AT24: =X24+Z24+AB24+AD24+AF24+AH24+AJ24+AL24+AN24+AP24+AR24 -> #REF! | AU24: =#REF! -> #REF! | AV24: =#REF! -> #REF! | AW24: =#REF! -> #REF! | AX24: =#REF! -> #REF! | AY24: =#REF! -> #REF! | AZ24: =#REF! -> #REF! | BA24: =#REF! -> #REF! | BB24: =#REF! -> #REF! | ... BH24: =#REF! -> #REF! | BI24: =AU24+AW24+AY24+BA24+BC24+BE24+BG24 -> #REF! | BJ24: =AV24+AX24+AZ24+BB24+BD24+BH24+BF24 -> #REF! | BK24: 29 | BL24: 11.4 | BM24: =#REF! -> #REF! | BN24: =#REF! -> #REF! | BO24: =#REF! -> #REF! | BP24: =#REF! -> #REF! | BQ24: =BK24+BM24+BO24 -> #REF! | BR24: =BL24+BN24+BP24 -> #REF! | BS24: 283 | BT24: 198.55 | BU24: =AS24+BI24+BQ24+BS24 -> #REF! | BV24: =AT24+BJ24+BR24+BT24 -> #REF! | BW24: =#REF! -> #REF! | BX24: =#REF! -> #REF! | BY24: =#REF! -> #REF! | BZ24: =#REF! -> #REF! | CA24: =#REF! -> #REF! | CB24: =#REF! -> #REF! | CC24: =#REF! -> #REF! | CD24: =#REF! -> #REF! | ... DJ24: =#REF! -> #REF! | DK24: =BW24+BY24+CA24+CC24+CE24+CG24+CI24+CK24+CM24+CO24+CQ24+CS24+CU24+CW24+CY24+DA24+DC24+DE24+DG24+DI24 -> #REF! | DL24: =CX24+CV24+CT24+CR24+CP24+CN24+CL24+CJ24+CH24+CF24+CD24+CB24+BZ24+BX24+CZ24+DB24+DD24+DF24+DH24+DJ24 -> #REF! | DM24: =#REF! -> #REF! | DN24: =#REF! -> #REF! | DO24: =#REF! -> #REF! | DP24: =#REF! -> #REF! | DQ24: =#REF! -> #REF! | DR24: =#REF! -> #REF! | DS24: =#REF! -> #REF! | DT24: =#REF! -> #REF! | ... DV24: =#REF! -> #REF! | DW24: =DM24+DO24+DQ24+DS24+DU24 -> #REF! | DX24: =DN24+DP24+DR24+DT24+DV24 -> #REF! | DY24: =#REF! -> #REF! | DZ24: =#REF! -> #REF! | EA24: =#REF! -> #REF! | EB24: =#REF! -> #REF! | EC24: =#REF! -> #REF! | ED24: =#REF! -> #REF! | EE24: =#REF! -> #REF! | EF24: =#REF! -> #REF! | ... EL24: =#REF! -> #REF! | EM24: =DY24+EA24+EC24+EE24+EG24+EI24+EK24 -> #REF! | EN24: =DZ24+EB24+ED24+EF24+EH24+EJ24+EL24 -> #REF! | EO24: 10 | EP24: 4.4 | EQ24: =#REF! -> #REF! | ER24: =#REF! -> #REF! | ES24: =#REF! -> #REF! | ET24: =#REF! -> #REF! | EU24: =#REF! -> #REF! | EV24: =#REF! -> #REF! | EW24: =#REF! -> #REF! | EX24: =#REF! -> #REF! | EY24: 15 | EZ24: 6.8 | FA24: =#REF! -> #REF! | FB24: =#REF! -> #REF! | FC24: =#REF! -> #REF! | FD24: =#REF! -> #REF! | FE24: =#REF! -> #REF! | FF24: =#REF! -> #REF! | FG24: =EO24+EQ24+ES24+EU24+EW24+EY24+FA24+FC24+FE24 -> #REF! | FH24: =FD24+FB24+EZ24+EX24+EV24+ET24+ER24+EP24+FF24 -> #REF! | FI24: =#REF! -> #REF! | FJ24: =#REF! -> #REF! | FK24: =#REF! -> #REF! | FL24: =#REF! -> #REF! | FM24: =#REF! -> #REF! | FN24: =#REF! -> #REF! | FO24: =#REF! -> #REF! | FP24: =#REF! -> #REF! | FQ24: =FI24+FK24+FM24+FO24 -> #REF! | FR24: =FJ24+FL24+FN24+FP24 -> #REF! | FS24: 389 | FT24: 541.41 | FV24: 90 | FW24: =#REF! -> #REF! | FX24: =#REF! -> #REF!
A25: 18 | B25: Mataas na Kahoy | C25: =#REF! -> #REF! | D25: =#REF! -> #REF! | E25: =C25+D25 -> #REF! | F25: =N25+V25+BV25+DL25+DX25+EN25+FH25+FR25+FT25+FV25+FX25 -> #REF! | G25: =#REF! -> #REF! | H25: =#REF! -> #REF! | I25: =#REF! -> #REF! | J25: =#REF! -> #REF! | K25: =#REF! -> #REF! | L25: =#REF! -> #REF! | M25: =G25+I25+K25 -> #REF! | N25: =H25+J25+L25 -> #REF! | O25: =#REF! -> #REF! | P25: =#REF! -> #REF! | Q25: =#REF! -> #REF! | R25: =#REF! -> #REF! | S25: =#REF! -> #REF! | T25: =#REF! -> #REF! | U25: =O25+Q25+S25 -> #REF! | V25: =P25+R25+T25 -> #REF! | AK25: =#REF! -> #REF! | AL25: =#REF! -> #REF! | AM25: =#REF! -> #REF! | AN25: =#REF! -> #REF! | AO25: =#REF! -> #REF! | AP25: =#REF! -> #REF! | AQ25: =#REF! -> #REF! | AR25: =#REF! -> #REF! | AS25: =W25+Y25+AA25+AC25+AE25+AG25+AI25+AK25+AM25+AO25+AQ25 -> #REF! | AT25: =X25+Z25+AB25+AD25+AF25+AH25+AJ25+AL25+AN25+AP25+AR25 -> #REF! | AU25: =#REF! -> #REF! | AV25: =#REF! -> #REF! | AW25: =#REF! -> #REF! | AX25: =#REF! -> #REF! | AY25: =#REF! -> #REF! | AZ25: =#REF! -> #REF! | BA25: =#REF! -> #REF! | BB25: =#REF! -> #REF! | ... BH25: =#REF! -> #REF! | BI25: 40 | BJ25: 0.83 | BM25: =#REF! -> #REF! | BN25: =#REF! -> #REF! | BO25: =#REF! -> #REF! | BP25: =#REF! -> #REF! | BQ25: =BK25+BM25+BO25 -> #REF! | BR25: =BL25+BN25+BP25 -> #REF! | BS25: 10 | BT25: 3.16 | BU25: =AS25+BI25+BQ25+BS25 -> #REF! | BV25: =AT25+BJ25+BR25+BT25 -> #REF! | BW25: 1 | BX25: 0.5 | CA25: 60 | CB25: 103.07 | CC25: 9 | CD25: 6 | CG25: 4 | CH25: 2 | CM25: 8 | CN25: 0.07 | CY25: 12 | CZ25: 0.3 | DI25: =#REF! -> #REF! | DJ25: =#REF! -> #REF! | DK25: =BW25+BY25+CA25+CC25+CE25+CG25+CI25+CK25+CM25+CO25+CQ25+CS25+CU25+CW25+CY25+DA25+DC25+DE25+DG25+DI25+22 -> #REF! | DL25: =CX25+CV25+CT25+CR25+CP25+CN25+CL25+CJ25+CH25+CF25+CD25+CB25+BZ25+BX25+CZ25+DB25+DD25+DF25+DH25+DJ25+4.53 -> #REF! | DM25: =#REF! -> #REF! | DN25: =#REF! -> #REF! | DO25: 16 | DP25: 0.72 | DQ25: 29 | DR25: 1.33 | DS25: =#REF! -> #REF! | DT25: =#REF! -> #REF! | DU25: 10 | DV25: 1 | DW25: =DM25+DO25+DQ25+DS25+DU25 -> #REF! | DX25: =DN25+DP25+DR25+DT25+DV25 -> #REF! | ED25: =#REF! -> #REF! | EE25: 12 | EF25: 0.66 | EG25: =#REF! -> #REF! | EH25: =#REF! -> #REF! | EI25: =#REF! -> #REF! | EJ25: =#REF! -> #REF! | EK25: =#REF! -> #REF! | EL25: =#REF! -> #REF! | EM25: =DY25+EA25+EC25+EE25+EG25+EI25+EK25 -> #REF! | EN25: =DZ25+EB25+ED25+EF25+EH25+EJ25+EL25 -> #REF! | EQ25: =#REF! -> #REF! | ER25: =#REF! -> #REF! | ES25: =#REF! -> #REF! | ET25: =#REF! -> #REF! | EU25: =#REF! -> #REF! | EV25: =#REF! -> #REF! | EW25: =#REF! -> #REF! | EX25: =#REF! -> #REF! | ... FF25: =#REF! -> #REF! | FG25: =EO25+EQ25+ES25+EU25+EW25+EY25+FA25+FC25+FE25 -> #REF! | FH25: =FD25+FB25+EZ25+EX25+EV25+ET25+ER25+EP25+FF25 -> #REF! | FI25: 30 | FJ25: 148 | FM25: =#REF! -> #REF! | FN25: =#REF! -> #REF! | FO25: 101 | FP25: 119 | FQ25: =FI25+FK25+FM25+FO25 -> #REF! | FR25: =FJ25+FL25+FN25+FP25 -> #REF! | FS25: 261 | FT25: 347.5 | FU25: =#REF! -> #REF! | FV25: =#REF! -> #REF! | FW25: =#REF! -> #REF! | FX25: =#REF! -> #REF!
A26: 19 | B26: Nasugbu | C26: =#REF! -> #REF! | D26: =#REF! -> #REF! | E26: =C26+D26 -> #REF! | F26: =N26+V26+BV26+DL26+DX26+EN26+FH26+FR26+FT26+FV26+FX26 -> #REF! | G26: =#REF! -> #REF! | H26: =#REF! -> #REF! | I26: =#REF! -> #REF! | J26: =#REF! -> #REF! | K26: =#REF! -> #REF! | L26: =#REF! -> #REF! | M26: =G26+I26+K26 -> #REF! | N26: =H26+J26+L26 -> #REF! | O26: =#REF! -> #REF! | P26: =#REF! -> #REF! | Q26: =#REF! -> #REF! | R26: =#REF! -> #REF! | S26: =#REF! -> #REF! | T26: =#REF! -> #REF! | U26: =O26+Q26+S26 -> #REF! | V26: =P26+R26+T26 -> #REF! | W26: =#REF! -> #REF! | X26: =#REF! -> #REF! | Y26: =#REF! -> #REF! | Z26: =#REF! -> #REF! | AA26: =#REF! -> #REF! | AB26: =#REF! -> #REF! | AC26: =#REF! -> #REF! | AD26: =#REF! -> #REF! | ... AR26: =#REF! -> #REF! | AS26: =W26+Y26+AA26+AC26+AE26+AG26+AI26+AK26+AM26+AO26+AQ26 -> #REF! | AT26: =X26+Z26+AB26+AD26+AF26+AH26+AJ26+AL26+AN26+AP26+AR26 -> #REF! | AU26: =#REF! -> #REF! | AV26: =#REF! -> #REF! | AW26: =#REF! -> #REF! | AX26: =#REF! -> #REF! | AY26: =#REF! -> #REF! | AZ26: =#REF! -> #REF! | BA26: =#REF! -> #REF! | BB26: =#REF! -> #REF! | ... BH26: =#REF! -> #REF! | BI26: =AU26+AW26+AY26+BA26+BC26+BE26+BG26 -> #REF! | BJ26: =AV26+AX26+AZ26+BB26+BD26+BH26+BF26 -> #REF! | BK26: =#REF! -> #REF! | BL26: =#REF! -> #REF! | BM26: =#REF! -> #REF! | BN26: =#REF! -> #REF! | BO26: =#REF! -> #REF! | BP26: =#REF! -> #REF! | BQ26: =BK26+BM26+BO26 -> #REF! | BR26: =BL26+BN26+BP26 -> #REF! | BS26: =#REF! -> #REF! | BT26: =#REF! -> #REF! | BU26: =AS26+BI26+BQ26+BS26 -> #REF! | BV26: =AT26+BJ26+BR26+BT26 -> #REF! | BW26: =#REF! -> #REF! | BX26: =#REF! -> #REF! | BY26: =#REF! -> #REF! | BZ26: =#REF! -> #REF! | CA26: =#REF! -> #REF! | CB26: =#REF! -> #REF! | CC26: =#REF! -> #REF! | CD26: =#REF! -> #REF! | ... DJ26: =#REF! -> #REF! | DK26: =BW26+BY26+CA26+CC26+CE26+CG26+CI26+CK26+CM26+CO26+CQ26+CS26+CU26+CW26+CY26+DA26+DC26+DE26+DG26+DI26 -> #REF! | DL26: =CX26+CV26+CT26+CR26+CP26+CN26+CL26+CJ26+CH26+CF26+CD26+CB26+BZ26+BX26+CZ26+DB26+DD26+DF26+DH26+DJ26 -> #REF! | DM26: =#REF! -> #REF! | DN26: =#REF! -> #REF! | DO26: =#REF! -> #REF! | DP26: =#REF! -> #REF! | DQ26: =#REF! -> #REF! | DR26: =#REF! -> #REF! | DS26: =#REF! -> #REF! | DT26: =#REF! -> #REF! | ... DV26: =#REF! -> #REF! | DW26: =DM26+DO26+DQ26+DS26+DU26 -> #REF! | DX26: =DN26+DP26+DR26+DT26+DV26 -> #REF! | DY26: =#REF! -> #REF! | DZ26: =#REF! -> #REF! | EA26: =#REF! -> #REF! | EB26: =#REF! -> #REF! | EC26: =#REF! -> #REF! | ED26: =#REF! -> #REF! | EE26: =#REF! -> #REF! | EF26: =#REF! -> #REF! | ... EL26: =#REF! -> #REF! | EM26: =DY26+EA26+EC26+EE26+EG26+EI26+EK26 -> #REF! | EN26: =DZ26+EB26+ED26+EF26+EH26+EJ26+EL26 -> #REF! | EO26: =#REF! -> #REF! | EP26: =#REF! -> #REF! | EQ26: =#REF! -> #REF! | ER26: =#REF! -> #REF! | ES26: =#REF! -> #REF! | ET26: =#REF! -> #REF! | EU26: =#REF! -> #REF! | EV26: =#REF! -> #REF! | ... FF26: =#REF! -> #REF! | FG26: =EO26+EQ26+ES26+EU26+EW26+EY26+FA26+FC26+FE26 -> #REF! | FH26: =FD26+FB26+EZ26+EX26+EV26+ET26+ER26+EP26+FF26 -> #REF! | FI26: =#REF! -> #REF! | FJ26: =#REF! -> #REF! | FK26: =#REF! -> #REF! | FL26: =#REF! -> #REF! | FM26: =#REF! -> #REF! | FN26: =#REF! -> #REF! | FO26: =#REF! -> #REF! | FP26: =#REF! -> #REF! | FQ26: =FI26+FK26+FM26+FO26 -> #REF! | FR26: =FJ26+FL26+FN26+FP26 -> #REF! | FS26: 142 | FT26: 227 | FV26: 3576.86 | FW26: =#REF! -> #REF! | FX26: =#REF! -> #REF!
A27: 20 | B27: Padre Garcia | C27: =#REF! -> #REF! | D27: =#REF! -> #REF! | E27: =C27+D27 -> #REF! | F27: =N27+V27+BV27+DL27+DX27+EN27+FH27+FR27+FT27+FV27+FX27 -> #REF! | G27: 238 | H27: 246.58 | I27: 114 | J27: 114.66 | K27: =#REF! -> #REF! | L27: =#REF! -> #REF! | M27: =G27+I27+K27 -> #REF! | N27: =H27+J27+L27 -> #REF! | O27: =#REF! -> #REF! | P27: =#REF! -> #REF! | Q27: =#REF! -> #REF! | R27: =#REF! -> #REF! | S27: =#REF! -> #REF! | T27: =#REF! -> #REF! | U27: =O27+Q27+S27 -> #REF! | V27: =P27+R27+T27 -> #REF! | W27: =#REF! -> #REF! | X27: =#REF! -> #REF! | Y27: =#REF! -> #REF! | Z27: =#REF! -> #REF! | AA27: =#REF! -> #REF! | AB27: =#REF! -> #REF! | AC27: =#REF! -> #REF! | AD27: =#REF! -> #REF! | ... AR27: =#REF! -> #REF! | AS27: =W27+Y27+AA27+AC27+AE27+AG27+AI27+AK27+AM27+AO27+AQ27 -> #REF! | AT27: =X27+Z27+AB27+AD27+AF27+AH27+AJ27+AL27+AN27+AP27+AR27 -> #REF! | AU27: =#REF! -> #REF! | AV27: =#REF! -> #REF! | AW27: =#REF! -> #REF! | AX27: =#REF! -> #REF! | AY27: =#REF! -> #REF! | AZ27: =#REF! -> #REF! | BA27: =#REF! -> #REF! | BB27: =#REF! -> #REF! | ... BH27: =#REF! -> #REF! | BI27: =AU27+AW27+AY27+BA27+BC27+BE27+BG27 -> #REF! | BJ27: =AV27+AX27+AZ27+BB27+BD27+BH27+BF27 -> #REF! | BK27: =#REF! -> #REF! | BL27: =#REF! -> #REF! | BM27: =#REF! -> #REF! | BN27: =#REF! -> #REF! | BO27: =#REF! -> #REF! | BP27: =#REF! -> #REF! | BQ27: =BK27+BM27+BO27 -> #REF! | BR27: =BL27+BN27+BP27 -> #REF! | BS27: =#REF! -> #REF! | BT27: =#REF! -> #REF! | BU27: =AS27+BI27+BQ27+BS27 -> #REF! | BV27: =AT27+BJ27+BR27+BT27 -> #REF! | BW27: =#REF! -> #REF! | BX27: =#REF! -> #REF! | BY27: =#REF! -> #REF! | BZ27: =#REF! -> #REF! | CA27: =#REF! -> #REF! | CB27: =#REF! -> #REF! | CC27: =#REF! -> #REF! | CD27: =#REF! -> #REF! | ... DJ27: =#REF! -> #REF! | DK27: =BW27+BY27+CA27+CC27+CE27+CG27+CI27+CK27+CM27+CO27+CQ27+CS27+CU27+CW27+CY27+DA27+DC27+DE27+DG27+DI27 -> #REF! | DL27: =CX27+CV27+CT27+CR27+CP27+CN27+CL27+CJ27+CH27+CF27+CD27+CB27+BZ27+BX27+CZ27+DB27+DD27+DF27+DH27+DJ27 -> #REF! | DM27: =#REF! -> #REF! | DN27: =#REF! -> #REF! | DO27: =#REF! -> #REF! | DP27: =#REF! -> #REF! | DQ27: =#REF! -> #REF! | DR27: =#REF! -> #REF! | DS27: =#REF! -> #REF! | DT27: =#REF! -> #REF! | ... DV27: =#REF! -> #REF! | DW27: =DM27+DO27+DQ27+DS27+DU27 -> #REF! | DX27: =DN27+DP27+DR27+DT27+DV27 -> #REF! | DY27: =#REF! -> #REF! | DZ27: =#REF! -> #REF! | EA27: =#REF! -> #REF! | EB27: =#REF! -> #REF! | EC27: =#REF! -> #REF! | ED27: =#REF! -> #REF! | EE27: =#REF! -> #REF! | EF27: =#REF! -> #REF! | ... EL27: =#REF! -> #REF! | EM27: =DY27+EA27+EC27+EE27+EG27+EI27+EK27 -> #REF! | EN27: =DZ27+EB27+ED27+EF27+EH27+EJ27+EL27 -> #REF! | EO27: =#REF! -> #REF! | EP27: =#REF! -> #REF! | EQ27: =#REF! -> #REF! | ER27: =#REF! -> #REF! | ES27: =#REF! -> #REF! | ET27: =#REF! -> #REF! | EU27: =#REF! -> #REF! | EV27: =#REF! -> #REF! | ... FF27: =#REF! -> #REF! | FG27: =EO27+EQ27+ES27+EU27+EW27+EY27+FA27+FC27+FE27 -> #REF! | FH27: =FD27+FB27+EZ27+EX27+EV27+ET27+ER27+EP27+FF27 -> #REF! | FI27: =#REF! -> #REF! | FJ27: =#REF! -> #REF! | FK27: =#REF! -> #REF! | FL27: =#REF! -> #REF! | FM27: =#REF! -> #REF! | FN27: =#REF! -> #REF! | FO27: =#REF! -> #REF! | FP27: =#REF! -> #REF! | FQ27: =FI27+FK27+FM27+FO27 -> #REF! | FR27: =FJ27+FL27+FN27+FP27 -> #REF! | FS27: 265 | FT27: 234.3 | FU27: =#REF! -> #REF! | FV27: 788 | FW27: =#REF! -> #REF! | FX27: =#REF! -> #REF!
A28: 21 | B28: Rosario | C28: =#REF! -> #REF! | D28: =#REF! -> #REF! | E28: =C28+D28 -> #REF! | F28: =N28+V28+BV28+DL28+DX28+EN28+FH28+FR28+FT28+FV28+FX28 -> #REF! | G28: 645 | H28: 833.24 | I28: 1182 | J28: 1840.8 | K28: 40 | L28: 24.5 | M28: =G28+I28+K28 -> 1867 | N28: =H28+J28+L28 -> 2698.54 | O28: =#REF! -> #REF! | P28: =#REF! -> #REF! | Q28: =#REF! -> #REF! | R28: =#REF! -> #REF! | S28: =#REF! -> #REF! | T28: =#REF! -> #REF! | U28: =O28+Q28+S28 -> #REF! | V28: =P28+R28+T28 -> #REF! | W28: =#REF! -> #REF! | X28: =#REF! -> #REF! | Y28: =#REF! -> #REF! | Z28: =#REF! -> #REF! | AA28: =#REF! -> #REF! | AB28: =#REF! -> #REF! | AC28: =#REF! -> #REF! | AD28: =#REF! -> #REF! | ... AR28: =#REF! -> #REF! | AS28: =W28+Y28+AA28+AC28+AE28+AG28+AI28+AK28+AM28+AO28+AQ28 -> #REF! | AT28: =X28+Z28+AB28+AD28+AF28+AH28+AJ28+AL28+AN28+AP28+AR28 -> #REF! | AU28: =#REF! -> #REF! | AV28: =#REF! -> #REF! | AW28: =#REF! -> #REF! | AX28: =#REF! -> #REF! | AY28: =#REF! -> #REF! | AZ28: =#REF! -> #REF! | BA28: =#REF! -> #REF! | BB28: =#REF! -> #REF! | ... BH28: =#REF! -> #REF! | BI28: =AU28+AW28+AY28+BA28+BC28+BE28+BG28 -> #REF! | BJ28: =AV28+AX28+AZ28+BB28+BD28+BH28+BF28 -> #REF! | BK28: =#REF! -> #REF! | BL28: =#REF! -> #REF! | BM28: =#REF! -> #REF! | BN28: =#REF! -> #REF! | BO28: =#REF! -> #REF! | BP28: =#REF! -> #REF! | BQ28: =BK28+BM28+BO28 -> #REF! | BR28: =BL28+BN28+BP28 -> #REF! | BS28: =#REF! -> #REF! | BT28: =#REF! -> #REF! | BU28: =AS28+BI28+BQ28+BS28 -> #REF! | BV28: =AT28+BJ28+BR28+BT28 -> #REF! | BW28: =#REF! -> #REF! | BX28: =#REF! -> #REF! | BY28: =#REF! -> #REF! | BZ28: =#REF! -> #REF! | CA28: =#REF! -> #REF! | CB28: =#REF! -> #REF! | CC28: =#REF! -> #REF! | CD28: =#REF! -> #REF! | ... DJ28: =#REF! -> #REF! | DK28: =BW28+BY28+CA28+CC28+CE28+CG28+CI28+CK28+CM28+CO28+CQ28+CS28+CU28+CW28+CY28+DA28+DC28+DE28+DG28+DI28 -> #REF! | DL28: =CX28+CV28+CT28+CR28+CP28+CN28+CL28+CJ28+CH28+CF28+CD28+CB28+BZ28+BX28+CZ28+DB28+DD28+DF28+DH28+DJ28 -> #REF! | DM28: =#REF! -> #REF! | DN28: =#REF! -> #REF! | DO28: =#REF! -> #REF! | DP28: =#REF! -> #REF! | DQ28: =#REF! -> #REF! | DR28: =#REF! -> #REF! | DS28: =#REF! -> #REF! | DT28: =#REF! -> #REF! | ... DV28: =#REF! -> #REF! | DW28: =DM28+DO28+DQ28+DS28+DU28 -> #REF! | DX28: =DN28+DP28+DR28+DT28+DV28 -> #REF! | DY28: =#REF! -> #REF! | DZ28: =#REF! -> #REF! | EA28: =#REF! -> #REF! | EB28: =#REF! -> #REF! | EC28: =#REF! -> #REF! | ED28: =#REF! -> #REF! | EE28: =#REF! -> #REF! | EF28: =#REF! -> #REF! | ... EL28: =#REF! -> #REF! | EM28: =DY28+EA28+EC28+EE28+EG28+EI28+EK28 -> #REF! | EN28: =DZ28+EB28+ED28+EF28+EH28+EJ28+EL28 -> #REF! | EO28: =#REF! -> #REF! | EP28: =#REF! -> #REF! | EQ28: =#REF! -> #REF! | ER28: =#REF! -> #REF! | ES28: =#REF! -> #REF! | ET28: =#REF! -> #REF! | EU28: =#REF! -> #REF! | EV28: =#REF! -> #REF! | ... FF28: =#REF! -> #REF! | FG28: =EO28+EQ28+ES28+EU28+EW28+EY28+FA28+FC28+FE28 -> #REF! | FH28: =FD28+FB28+EZ28+EX28+EV28+ET28+ER28+EP28+FF28 -> #REF! | FI28: =#REF! -> #REF! | FJ28: =#REF! -> #REF! | FK28: =#REF! -> #REF! | FL28: =#REF! -> #REF! | FM28: =#REF! -> #REF! | FN28: =#REF! -> #REF! | FO28: =#REF! -> #REF! | FP28: =#REF! -> #REF! | FQ28: =FI28+FK28+FM28+FO28 -> #REF! | FR28: =FJ28+FL28+FN28+FP28 -> #REF! | FS28: 1295 | FT28: 2343 | FU28: =#REF! -> #REF! | FV28: 841 | FW28: =#REF! -> #REF! | FX28: =#REF! -> #REF!
A29: 22 | B29: San Jose | C29: =#REF! -> #REF! | D29: =#REF! -> #REF! | E29: =C29+D29 -> #REF! | F29: =N29+V29+BV29+DL29+DX29+EN29+FH29+FR29+FT29+FV29+FX29 -> #REF! | G29: =#REF! -> #REF! | H29: =#REF! -> #REF! | I29: =#REF! -> #REF! | J29: =#REF! -> #REF! | K29: =#REF! -> #REF! | L29: =#REF! -> #REF! | M29: =G29+I29+K29 -> #REF! | N29: =H29+J29+L29 -> #REF! | O29: =#REF! -> #REF! | P29: =#REF! -> #REF! | Q29: =#REF! -> #REF! | R29: =#REF! -> #REF! | S29: =#REF! -> #REF! | T29: =#REF! -> #REF! | U29: =O29+Q29+S29 -> #REF! | V29: =P29+R29+T29 -> #REF! | W29: =#REF! -> #REF! | X29: =#REF! -> #REF! | Y29: =#REF! -> #REF! | Z29: =#REF! -> #REF! | AA29: =#REF! -> #REF! | AB29: =#REF! -> #REF! | AC29: =#REF! -> #REF! | AD29: =#REF! -> #REF! | ... AR29: =#REF! -> #REF! | AS29: =W29+Y29+AA29+AC29+AE29+AG29+AI29+AK29+AM29+AO29+AQ29 -> #REF! | AT29: =X29+Z29+AB29+AD29+AF29+AH29+AJ29+AL29+AN29+AP29+AR29 -> #REF! | AU29: =#REF! -> #REF! | AV29: =#REF! -> #REF! | AW29: =#REF! -> #REF! | AX29: =#REF! -> #REF! | AY29: =#REF! -> #REF! | AZ29: =#REF! -> #REF! | BA29: =#REF! -> #REF! | BB29: =#REF! -> #REF! | ... BH29: =#REF! -> #REF! | BI29: =AU29+AW29+AY29+BA29+BC29+BE29+BG29 -> #REF! | BJ29: =AV29+AX29+AZ29+BB29+BD29+BH29+BF29 -> #REF! | BK29: =#REF! -> #REF! | BL29: =#REF! -> #REF! | BM29: =#REF! -> #REF! | BN29: =#REF! -> #REF! | BO29: =#REF! -> #REF! | BP29: =#REF! -> #REF! | BQ29: =BK29+BM29+BO29 -> #REF! | BR29: =BL29+BN29+BP29 -> #REF! | BS29: =#REF! -> #REF! | BT29: =#REF! -> #REF! | BU29: =AS29+BI29+BQ29+BS29 -> #REF! | BV29: =AT29+BJ29+BR29+BT29 -> #REF! | BW29: =#REF! -> #REF! | BX29: =#REF! -> #REF! | BY29: =#REF! -> #REF! | BZ29: =#REF! -> #REF! | CA29: =#REF! -> #REF! | CB29: =#REF! -> #REF! | CC29: =#REF! -> #REF! | CD29: =#REF! -> #REF! | ... DJ29: =#REF! -> #REF! | DK29: =BW29+BY29+CA29+CC29+CE29+CG29+CI29+CK29+CM29+CO29+CQ29+CS29+CU29+CW29+CY29+DA29+DC29+DE29+DG29+DI29 -> #REF! | DL29: =CX29+CV29+CT29+CR29+CP29+CN29+CL29+CJ29+CH29+CF29+CD29+CB29+BZ29+BX29+CZ29+DB29+DD29+DF29+DH29+DJ29 -> #REF! | DM29: =#REF! -> #REF! | DN29: =#REF! -> #REF! | DO29: =#REF! -> #REF! | DP29: =#REF! -> #REF! | DQ29: =#REF! -> #REF! | DR29: =#REF! -> #REF! | DS29: =#REF! -> #REF! | DT29: =#REF! -> #REF! | ... DV29: =#REF! -> #REF! | DW29: =DM29+DO29+DQ29+DS29+DU29 -> #REF! | DX29: =DN29+DP29+DR29+DT29+DV29 -> #REF! | DY29: =#REF! -> #REF! | DZ29: =#REF! -> #REF! | EA29: =#REF! -> #REF! | EB29: =#REF! -> #REF! | EC29: =#REF! -> #REF! | ED29: =#REF! -> #REF! | EE29: =#REF! -> #REF! | EF29: =#REF! -> #REF! | ... EL29: =#REF! -> #REF! | EM29: =DY29+EA29+EC29+EE29+EG29+EI29+EK29 -> #REF! | EN29: =DZ29+EB29+ED29+EF29+EH29+EJ29+EL29 -> #REF! | EO29: =#REF! -> #REF! | EP29: =#REF! -> #REF! | EQ29: =#REF! -> #REF! | ER29: =#REF! -> #REF! | ES29: =#REF! -> #REF! | ET29: =#REF! -> #REF! | EU29: =#REF! -> #REF! | EV29: =#REF! -> #REF! | ... FF29: =#REF! -> #REF! | FG29: =EO29+EQ29+ES29+EU29+EW29+EY29+FA29+FC29+FE29 -> #REF! | FH29: =FD29+FB29+EZ29+EX29+EV29+ET29+ER29+EP29+FF29 -> #REF! | FI29: =#REF! -> #REF! | FJ29: =#REF! -> #REF! | FK29: =#REF! -> #REF! | FL29: =#REF! -> #REF! | FM29: =#REF! -> #REF! | FN29: =#REF! -> #REF! | FO29: =#REF! -> #REF! | FP29: =#REF! -> #REF! | FQ29: =FI29+FK29+FM29+FO29 -> #REF! | FR29: =FJ29+FL29+FN29+FP29 -> #REF! | FS29: 1133 | FT29: 1165 | FU29: =#REF! -> #REF! | FV29: 271 | FW29: =#REF! -> #REF! | FX29: =#REF! -> #REF!
A30: 23 | B30: San Juan - no data | E30: =M30+U30+BU30+DK30+DW30+EM30+FG30+FQ30+FS30+FU30+FW30 -> 5732 | F30: =N30+V30+BV30+DL30+DX30+EN30+FH30+FR30+FT30+FV30+FX30 -> 12420.94 | G30: 792 | H30: 1516 | I30: 911 | J30: 1423 | M30: =G30+I30+K30 -> 1703 | N30: =H30+J30+L30 -> 2939 | O30: 6 | P30: 32 | Q30: 336 | R30: 258.7 | U30: =O30+Q30+S30 -> 342 | V30: =P30+R30+T30 -> 290.7 | AS30: =W30+Y30+AA30+AC30+AE30+AG30+AI30+AK30+AM30+AO30+AQ30 -> 0 | AT30: =X30+Z30+AB30+AD30+AF30+AH30+AJ30+AL30+AN30+AP30+AR30 -> 0 | BI30: =AU30+AW30+AY30+BA30+BC30+BE30+BG30 -> 0 | BJ30: =AV30+AX30+AZ30+BB30+BD30+BH30+BF30 -> 0 | BQ30: =BK30+BM30+BO30 -> 0 | BR30: =BL30+BN30+BP30 -> 0 | BS30: 650 | BT30: 440.15 | BU30: =AS30+BI30+BQ30+BS30 -> 650 | BV30: =AT30+BJ30+BR30+BT30 -> 440.15 | BW30: 291 | BX30: 566.31 | CG30: 17 | CH30: 26.5 | DK30: =BW30+BY30+CA30+CC30+CE30+CG30+CI30+CK30+CM30+CO30+CQ30+CS30+CU30+CW30+CY30+DA30+DC30+DE30+DG30+DI30 -> 308 | DL30: =CX30+CV30+CT30+CR30+CP30+CN30+CL30+CJ30+CH30+CF30+CD30+CB30+BZ30+BX30+CZ30+DB30+DD30+DF30+DH30+DJ30+370.08 -> 962.89 | DM30: 21 | DN30: 1.5 | DU30: 7 | DV30: 0.5 | DW30: =DM30+DO30+DQ30+DS30+DU30 -> 28 | DX30: =DN30+DP30+DR30+DT30+DV30 -> 2 | EM30: =DY30+EA30+EC30+EE30+EG30+EI30+EK30 -> 0 | EN30: =DZ30+EB30+ED30+EF30+EH30+EJ30+EL30 -> 0 | FG30: =EO30+EQ30+ES30+EU30+EW30+EY30+FA30+FC30+FE30 -> 0 | FH30: =FD30+FB30+EZ30+EX30+EV30+ET30+ER30+EP30+FF30 -> 0 | FI30: 1 | FJ30: 0.5 | FQ30: =FI30+FK30+FM30+FO30 -> 1 | FR30: =FJ30+FL30+FN30+FP30 -> 0.5 | FS30: 2700 | FT30: 7719.7 | FV30: 66
A31: 24 | B31: San Luis | C31: =#REF! -> #REF! | D31: =#REF! -> #REF! | E31: =C31+D31 -> #REF! | F31: =N31+V31+BV31+DL31+DX31+EN31+FH31+FR31+FT31+FV31+FX31 -> #REF! | G31: =#REF! -> #REF! | H31: =#REF! -> #REF! | I31: =#REF! -> #REF! | J31: =#REF! -> #REF! | K31: =#REF! -> #REF! | L31: =#REF! -> #REF! | M31: =G31+I31+K31 -> #REF! | N31: =H31+J31+L31 -> #REF! | O31: =#REF! -> #REF! | P31: =#REF! -> #REF! | Q31: =#REF! -> #REF! | R31: =#REF! -> #REF! | S31: =#REF! -> #REF! | T31: =#REF! -> #REF! | U31: =O31+Q31+S31 -> #REF! | V31: =P31+R31+T31 -> #REF! | W31: =#REF! -> #REF! | X31: =#REF! -> #REF! | Y31: =#REF! -> #REF! | Z31: =#REF! -> #REF! | AA31: =#REF! -> #REF! | AB31: =#REF! -> #REF! | AC31: =#REF! -> #REF! | AD31: =#REF! -> #REF! | ... AR31: =#REF! -> #REF! | AS31: =W31+Y31+AA31+AC31+AE31+AG31+AI31+AK31+AM31+AO31+AQ31 -> #REF! | AT31: =X31+Z31+AB31+AD31+AF31+AH31+AJ31+AL31+AN31+AP31+AR31 -> #REF! | AU31: =#REF! -> #REF! | AV31: =#REF! -> #REF! | AW31: =#REF! -> #REF! | AX31: =#REF! -> #REF! | AY31: =#REF! -> #REF! | AZ31: =#REF! -> #REF! | BA31: =#REF! -> #REF! | BB31: =#REF! -> #REF! | ... BH31: =#REF! -> #REF! | BI31: =AU31+AW31+AY31+BA31+BC31+BE31+BG31 -> #REF! | BJ31: =AV31+AX31+AZ31+BB31+BD31+BH31+BF31 -> #REF! | BK31: =#REF! -> #REF! | BL31: =#REF! -> #REF! | BM31: =#REF! -> #REF! | BN31: =#REF! -> #REF! | BO31: =#REF! -> #REF! | BP31: =#REF! -> #REF! | BQ31: =BK31+BM31+BO31 -> #REF! | BR31: =BL31+BN31+BP31 -> #REF! | BS31: =#REF! -> #REF! | BT31: =#REF! -> #REF! | BU31: =AS31+BI31+BQ31+BS31 -> #REF! | BV31: =AT31+BJ31+BR31+BT31 -> #REF! | BW31: =#REF! -> #REF! | BX31: =#REF! -> #REF! | BY31: =#REF! -> #REF! | BZ31: =#REF! -> #REF! | CA31: =#REF! -> #REF! | CB31: =#REF! -> #REF! | CC31: =#REF! -> #REF! | CD31: =#REF! -> #REF! | ... DJ31: =#REF! -> #REF! | DK31: =BW31+BY31+CA31+CC31+CE31+CG31+CI31+CK31+CM31+CO31+CQ31+CS31+CU31+CW31+CY31+DA31+DC31+DE31+DG31+DI31 -> #REF! | DL31: =CX31+CV31+CT31+CR31+CP31+CN31+CL31+CJ31+CH31+CF31+CD31+CB31+BZ31+BX31+CZ31+DB31+DD31+DF31+DH31+DJ31 -> #REF! | DM31: =#REF! -> #REF! | DN31: =#REF! -> #REF! | DO31: =#REF! -> #REF! | DP31: =#REF! -> #REF! | DQ31: =#REF! -> #REF! | DR31: =#REF! -> #REF! | DS31: =#REF! -> #REF! | DT31: =#REF! -> #REF! | ... DV31: =#REF! -> #REF! | DW31: =DM31+DO31+DQ31+DS31+DU31 -> #REF! | DX31: =DN31+DP31+DR31+DT31+DV31 -> #REF! | DY31: =#REF! -> #REF! | DZ31: =#REF! -> #REF! | EA31: =#REF! -> #REF! | EB31: =#REF! -> #REF! | EC31: =#REF! -> #REF! | ED31: =#REF! -> #REF! | EE31: =#REF! -> #REF! | EF31: =#REF! -> #REF! | ... EL31: =#REF! -> #REF! | EM31: =DY31+EA31+EC31+EE31+EG31+EI31+EK31 -> #REF! | EN31: =DZ31+EB31+ED31+EF31+EH31+EJ31+EL31 -> #REF! | EO31: =#REF! -> #REF! | EP31: =#REF! -> #REF! | EQ31: =#REF! -> #REF! | ER31: =#REF! -> #REF! | ES31: =#REF! -> #REF! | ET31: =#REF! -> #REF! | EU31: =#REF! -> #REF! | EV31: =#REF! -> #REF! | ... FF31: =#REF! -> #REF! | FG31: =EO31+EQ31+ES31+EU31+EW31+EY31+FA31+FC31+FE31 -> #REF! | FH31: =FD31+FB31+EZ31+EX31+EV31+ET31+ER31+EP31+FF31 -> #REF! | FI31: =#REF! -> #REF! | FJ31: =#REF! -> #REF! | FK31: =#REF! -> #REF! | FL31: =#REF! -> #REF! | FM31: =#REF! -> #REF! | FN31: =#REF! -> #REF! | FO31: =#REF! -> #REF! | FP31: =#REF! -> #REF! | FQ31: =FI31+FK31+FM31+FO31 -> #REF! | FR31: =FJ31+FL31+FN31+FP31 -> #REF! | FS31: 376 | FT31: 575 | FU31: =#REF! -> #REF! | FV31: 666 | FW31: =#REF! -> #REF! | FX31: =#REF! -> #REF!
A32: 25 | B32: San Nicolas | C32: =#REF! -> #REF! | D32: =#REF! -> #REF! | E32: =C32+D32 -> #REF! | F32: =N32+V32+BV32+DL32+DX32+EN32+FH32+FR32+FT32+FV32+FX32 -> #REF! | G32: =#REF! -> #REF! | H32: =#REF! -> #REF! | I32: =#REF! -> #REF! | J32: =#REF! -> #REF! | K32: =#REF! -> #REF! | L32: =#REF! -> #REF! | M32: =G32+I32+K32 -> #REF! | N32: =H32+J32+L32 -> #REF! | O32: =#REF! -> #REF! | P32: =#REF! -> #REF! | Q32: =#REF! -> #REF! | R32: =#REF! -> #REF! | S32: =#REF! -> #REF! | T32: =#REF! -> #REF! | U32: =O32+Q32+S32 -> #REF! | V32: =P32+R32+T32 -> #REF! | W32: =#REF! -> #REF! | X32: =#REF! -> #REF! | Y32: =#REF! -> #REF! | Z32: =#REF! -> #REF! | AA32: =#REF! -> #REF! | AB32: =#REF! -> #REF! | AC32: =#REF! -> #REF! | AD32: =#REF! -> #REF! | ... AR32: =#REF! -> #REF! | AS32: =W32+Y32+AA32+AC32+AE32+AG32+AI32+AK32+AM32+AO32+AQ32 -> #REF! | AT32: =X32+Z32+AB32+AD32+AF32+AH32+AJ32+AL32+AN32+AP32+AR32 -> #REF! | AU32: =#REF! -> #REF! | AV32: =#REF! -> #REF! | AW32: =#REF! -> #REF! | AX32: =#REF! -> #REF! | AY32: =#REF! -> #REF! | AZ32: =#REF! -> #REF! | BA32: =#REF! -> #REF! | BB32: =#REF! -> #REF! | ... BH32: =#REF! -> #REF! | BI32: =AU32+AW32+AY32+BA32+BC32+BE32+BG32 -> #REF! | BJ32: =AV32+AX32+AZ32+BB32+BD32+BH32+BF32 -> #REF! | BK32: =#REF! -> #REF! | BL32: =#REF! -> #REF! | BM32: =#REF! -> #REF! | BN32: =#REF! -> #REF! | BO32: =#REF! -> #REF! | BP32: =#REF! -> #REF! | BQ32: =BK32+BM32+BO32 -> #REF! | BR32: =BL32+BN32+BP32 -> #REF! | BS32: =#REF! -> #REF! | BT32: =#REF! -> #REF! | BU32: =AS32+BI32+BQ32+BS32 -> #REF! | BV32: =AT32+BJ32+BR32+BT32 -> #REF! | BW32: =#REF! -> #REF! | BX32: =#REF! -> #REF! | BY32: =#REF! -> #REF! | BZ32: =#REF! -> #REF! | CA32: =#REF! -> #REF! | CB32: =#REF! -> #REF! | CC32: =#REF! -> #REF! | CD32: =#REF! -> #REF! | ... DJ32: =#REF! -> #REF! | DK32: =BW32+BY32+CA32+CC32+CE32+CG32+CI32+CK32+CM32+CO32+CQ32+CS32+CU32+CW32+CY32+DA32+DC32+DE32+DG32+DI32 -> #REF! | DL32: =CX32+CV32+CT32+CR32+CP32+CN32+CL32+CJ32+CH32+CF32+CD32+CB32+BZ32+BX32+CZ32+DB32+DD32+DF32+DH32+DJ32 -> #REF! | DM32: 1 | DN32: 1 | DO32: =#REF! -> #REF! | DP32: =#REF! -> #REF! | DQ32: =#REF! -> #REF! | DR32: =#REF! -> #REF! | DS32: =#REF! -> #REF! | DT32: =#REF! -> #REF! | DU32: =#REF! -> #REF! | DV32: =#REF! -> #REF! | DW32: =DM32+DO32+DQ32+DS32+DU32 -> #REF! | DX32: =DN32+DP32+DR32+DT32+DV32 -> #REF! | DY32: =#REF! -> #REF! | DZ32: =#REF! -> #REF! | EA32: =#REF! -> #REF! | EB32: =#REF! -> #REF! | EC32: =#REF! -> #REF! | ED32: =#REF! -> #REF! | EE32: =#REF! -> #REF! | EF32: =#REF! -> #REF! | ... EL32: =#REF! -> #REF! | EM32: =DY32+EA32+EC32+EE32+EG32+EI32+EK32 -> #REF! | EN32: =DZ32+EB32+ED32+EF32+EH32+EJ32+EL32 -> #REF! | EO32: =#REF! -> #REF! | EP32: =#REF! -> #REF! | EQ32: =#REF! -> #REF! | ER32: =#REF! -> #REF! | ES32: =#REF! -> #REF! | ET32: =#REF! -> #REF! | EU32: =#REF! -> #REF! | EV32: =#REF! -> #REF! | ... FF32: =#REF! -> #REF! | FG32: =EO32+EQ32+ES32+EU32+EW32+EY32+FA32+FC32+FE32 -> #REF! | FH32: =FD32+FB32+EZ32+EX32+EV32+ET32+ER32+EP32+FF32 -> #REF! | FI32: =#REF! -> #REF! | FJ32: =#REF! -> #REF! | FK32: =#REF! -> #REF! | FL32: =#REF! -> #REF! | FM32: =#REF! -> #REF! | FN32: =#REF! -> #REF! | FO32: =#REF! -> #REF! | FP32: =#REF! -> #REF! | FQ32: =FI32+FK32+FM32+FO32 -> #REF! | FR32: =FJ32+FL32+FN32+FP32 -> #REF! | FS32: 102 | FT32: 106 | FV32: 166 | FW32: =#REF! -> #REF! | FX32: =#REF! -> #REF!
A33: 26 | B33: San Pascual | C33: =#REF! -> #REF! | D33: =#REF! -> #REF! | E33: =C33+D33 -> #REF! | F33: =N33+V33+BV33+DL33+DX33+EN33+FH33+FR33+FT33+FV33+FX33 -> #REF! | G33: =#REF! -> #REF! | H33: =#REF! -> #REF! | I33: =#REF! -> #REF! | J33: =#REF! -> #REF! | K33: =#REF! -> #REF! | L33: =#REF! -> #REF! | M33: =G33+I33+K33 -> #REF! | N33: =H33+J33+L33 -> #REF! | O33: =#REF! -> #REF! | P33: =#REF! -> #REF! | Q33: =#REF! -> #REF! | R33: =#REF! -> #REF! | S33: =#REF! -> #REF! | T33: =#REF! -> #REF! | U33: =O33+Q33+S33 -> #REF! | V33: =P33+R33+T33 -> #REF! | W33: =#REF! -> #REF! | X33: =#REF! -> #REF! | Y33: =#REF! -> #REF! | Z33: =#REF! -> #REF! | AA33: =#REF! -> #REF! | AB33: =#REF! -> #REF! | AC33: =#REF! -> #REF! | AD33: =#REF! -> #REF! | ... AR33: =#REF! -> #REF! | AS33: =W33+Y33+AA33+AC33+AE33+AG33+AI33+AK33+AM33+AO33+AQ33 -> #REF! | AT33: =X33+Z33+AB33+AD33+AF33+AH33+AJ33+AL33+AN33+AP33+AR33 -> #REF! | AU33: =#REF! -> #REF! | AV33: =#REF! -> #REF! | AW33: =#REF! -> #REF! | AX33: =#REF! -> #REF! | AY33: =#REF! -> #REF! | AZ33: =#REF! -> #REF! | BA33: =#REF! -> #REF! | BB33: =#REF! -> #REF! | ... BH33: =#REF! -> #REF! | BI33: =AU33+AW33+AY33+BA33+BC33+BE33+BG33 -> #REF! | BJ33: =AV33+AX33+AZ33+BB33+BD33+BH33+BF33 -> #REF! | BK33: =#REF! -> #REF! | BL33: =#REF! -> #REF! | BM33: =#REF! -> #REF! | BN33: =#REF! -> #REF! | BO33: =#REF! -> #REF! | BP33: =#REF! -> #REF! | BQ33: =BK33+BM33+BO33 -> #REF! | BR33: =BL33+BN33+BP33 -> #REF! | BS33: =#REF! -> #REF! | BT33: =#REF! -> #REF! | BU33: =AS33+BI33+BQ33+BS33 -> #REF! | BV33: =AT33+BJ33+BR33+BT33 -> #REF! | BW33: =#REF! -> #REF! | BX33: =#REF! -> #REF! | BY33: =#REF! -> #REF! | BZ33: =#REF! -> #REF! | CA33: =#REF! -> #REF! | CB33: =#REF! -> #REF! | CC33: =#REF! -> #REF! | CD33: =#REF! -> #REF! | ... DJ33: =#REF! -> #REF! | DK33: =BW33+BY33+CA33+CC33+CE33+CG33+CI33+CK33+CM33+CO33+CQ33+CS33+CU33+CW33+CY33+DA33+DC33+DE33+DG33+DI33 -> #REF! | DL33: =CX33+CV33+CT33+CR33+CP33+CN33+CL33+CJ33+CH33+CF33+CD33+CB33+BZ33+BX33+CZ33+DB33+DD33+DF33+DH33+DJ33 -> #REF! | DM33: =#REF! -> #REF! | DN33: =#REF! -> #REF! | DO33: =#REF! -> #REF! | DP33: =#REF! -> #REF! | DQ33: =#REF! -> #REF! | DR33: =#REF! -> #REF! | DS33: =#REF! -> #REF! | DT33: =#REF! -> #REF! | ... DV33: =#REF! -> #REF! | DW33: =DM33+DO33+DQ33+DS33+DU33 -> #REF! | DX33: =DN33+DP33+DR33+DT33+DV33 -> #REF! | DY33: =#REF! -> #REF! | DZ33: =#REF! -> #REF! | EA33: =#REF! -> #REF! | EB33: =#REF! -> #REF! | EC33: =#REF! -> #REF! | ED33: =#REF! -> #REF! | EE33: =#REF! -> #REF! | EF33: =#REF! -> #REF! | ... EL33: =#REF! -> #REF! | EM33: =DY33+EA33+EC33+EE33+EG33+EI33+EK33 -> #REF! | EN33: =DZ33+EB33+ED33+EF33+EH33+EJ33+EL33 -> #REF! | EO33: =#REF! -> #REF! | EP33: =#REF! -> #REF! | EQ33: =#REF! -> #REF! | ER33: =#REF! -> #REF! | ES33: =#REF! -> #REF! | ET33: =#REF! -> #REF! | EU33: =#REF! -> #REF! | EV33: =#REF! -> #REF! | ... FF33: =#REF! -> #REF! | FG33: =EO33+EQ33+ES33+EU33+EW33+EY33+FA33+FC33+FE33 -> #REF! | FH33: =FD33+FB33+EZ33+EX33+EV33+ET33+ER33+EP33+FF33 -> #REF! | FI33: =#REF! -> #REF! | FJ33: =#REF! -> #REF! | FK33: =#REF! -> #REF! | FL33: =#REF! -> #REF! | FM33: =#REF! -> #REF! | FN33: =#REF! -> #REF! | FO33: =#REF! -> #REF! | FP33: =#REF! -> #REF! | FQ33: =FI33+FK33+FM33+FO33 -> #REF! | FR33: =FJ33+FL33+FN33+FP33 -> #REF! | FS33: 11 | FT33: 15 | FU33: =#REF! -> #REF! | FV33: 418 | FW33: 32 | FX33: 8.25
A34: 27 | B34: Sta. Teresita - no data | E34: =M34+U34+BU34+DK34+DW34+EM34+FG34+FQ34+FS34+FU34+FW34 -> 809 | F34: =N34+V34+BV34+DL34+DX34+EN34+FH34+FR34+FT34+FV34+FX34 -> 1014.18 | M34: =G34+I34+K34 -> 0 | N34: =H34+J34+L34 -> 0 | O34: 10 | P34: 2 | Q34: 13 | R34: 2 | U34: =O34+Q34+S34 -> 23 | V34: =P34+R34+T34 -> 4 | AS34: =W34+Y34+AA34+AC34+AE34+AG34+AI34+AK34+AM34+AO34+AQ34 -> 0 | AT34: =X34+Z34+AB34+AD34+AF34+AH34+AJ34+AL34+AN34+AP34+AR34 -> 0 | BI34: 57 | BJ34: 2 | BQ34: =BK34+BM34+BO34 -> 0 | BR34: =BL34+BN34+BP34 -> 0 | BS34: 45 | BT34: 2 | BU34: =AS34+BI34+BQ34+BS34 -> 102 | BV34: =AT34+BJ34+BR34+BT34 -> 4 | BW34: 80 | BX34: 15 | CA34: 25 | CB34: 1 | CC34: 64 | CD34: 6 | CG34: 53 | CH34: 5 | CM34: 45 | CN34: 0.75 | CY34: 50 | CZ34: 1 | DK34: =BW34+BY34+CA34+CC34+CE34+CG34+CI34+CK34+CM34+CO34+CQ34+CS34+CU34+CW34+CY34+DA34+DC34+DE34+DG34+DI34 -> 317 | DL34: =CX34+CV34+CT34+CR34+CP34+CN34+CL34+CJ34+CH34+CF34+CD34+CB34+BZ34+BX34+CZ34+DB34+DD34+DF34+DH34+DJ34+0.52 -> 29.27 | DM34: 18 | DN34: 0.1 | DO34: 53 | DP34: 0.1 | DQ34: 35 | DR34: 0.2 | DU34: 81 | DV34: 16.51 | DW34: =DM34+DO34+DQ34+DS34+DU34 -> 187 | DX34: =DN34+DP34+DR34+DT34+DV34 -> 16.91 | EE34: 20 | EF34: 1 | EM34: =DY34+EA34+EC34+EE34+EG34+EI34+EK34 -> 20 | EN34: =DZ34+EB34+ED34+EF34+EH34+EJ34+EL34 -> 1 | FG34: =EO34+EQ34+ES34+EU34+EW34+EY34+FA34+FC34+FE34 -> 0 | FH34: =FD34+FB34+EZ34+EX34+EV34+ET34+ER34+EP34+FF34 -> 0 | FI34: 5 | FJ34: 1 | FQ34: =FI34+FK34+FM34+FO34 -> 5 | FR34: =FJ34+FL34+FN34+FP34 -> 1 | FS34: 155 | FT34: 228 | FV34: 730
A35: 28 | B35: Sto. Tomas | C35: =#REF! -> #REF! | D35: =#REF! -> #REF! | E35: =C35+D35 -> #REF! | F35: =N35+V35+BV35+DL35+DX35+EN35+FH35+FR35+FT35+FV35+FX35 -> #REF! | G35: =#REF! -> #REF! | H35: =#REF! -> #REF! | I35: =#REF! -> #REF! | J35: =#REF! -> #REF! | K35: =#REF! -> #REF! | L35: =#REF! -> #REF! | M35: =G35+I35+K35 -> #REF! | N35: =H35+J35+L35 -> #REF! | O35: =#REF! -> #REF! | P35: =#REF! -> #REF! | Q35: =#REF! -> #REF! | R35: =#REF! -> #REF! | S35: =#REF! -> #REF! | T35: =#REF! -> #REF! | U35: =O35+Q35+S35 -> #REF! | V35: =P35+R35+T35 -> #REF! | W35: =#REF! -> #REF! | X35: =#REF! -> #REF! | Y35: =#REF! -> #REF! | Z35: =#REF! -> #REF! | AA35: =#REF! -> #REF! | AB35: =#REF! -> #REF! | AC35: =#REF! -> #REF! | AD35: =#REF! -> #REF! | ... AR35: =#REF! -> #REF! | AS35: =W35+Y35+AA35+AC35+AE35+AG35+AI35+AK35+AM35+AO35+AQ35 -> #REF! | AT35: =X35+Z35+AB35+AD35+AF35+AH35+AJ35+AL35+AN35+AP35+AR35 -> #REF! | AU35: =#REF! -> #REF! | AV35: =#REF! -> #REF! | AW35: =#REF! -> #REF! | AX35: =#REF! -> #REF! | AY35: =#REF! -> #REF! | AZ35: =#REF! -> #REF! | BA35: =#REF! -> #REF! | BB35: =#REF! -> #REF! | ... BH35: =#REF! -> #REF! | BI35: =AU35+AW35+AY35+BA35+BC35+BE35+BG35 -> #REF! | BJ35: =AV35+AX35+AZ35+BB35+BD35+BH35+BF35 -> #REF! | BK35: =#REF! -> #REF! | BL35: =#REF! -> #REF! | BM35: =#REF! -> #REF! | BN35: =#REF! -> #REF! | BO35: =#REF! -> #REF! | BP35: =#REF! -> #REF! | BQ35: =BK35+BM35+BO35 -> #REF! | BR35: =BL35+BN35+BP35 -> #REF! | BS35: =#REF! -> #REF! | BT35: =#REF! -> #REF! | BU35: =AS35+BI35+BQ35+BS35 -> #REF! | BV35: =AT35+BJ35+BR35+BT35 -> #REF! | BW35: =#REF! -> #REF! | BX35: =#REF! -> #REF! | BY35: =#REF! -> #REF! | BZ35: =#REF! -> #REF! | CA35: =#REF! -> #REF! | CB35: =#REF! -> #REF! | CC35: =#REF! -> #REF! | CD35: =#REF! -> #REF! | ... DJ35: =#REF! -> #REF! | DK35: =BW35+BY35+CA35+CC35+CE35+CG35+CI35+CK35+CM35+CO35+CQ35+CS35+CU35+CW35+CY35+DA35+DC35+DE35+DG35+DI35 -> #REF! | DL35: =CX35+CV35+CT35+CR35+CP35+CN35+CL35+CJ35+CH35+CF35+CD35+CB35+BZ35+BX35+CZ35+DB35+DD35+DF35+DH35+DJ35 -> #REF! | DM35: =#REF! -> #REF! | DN35: =#REF! -> #REF! | DO35: =#REF! -> #REF! | DP35: =#REF! -> #REF! | DQ35: =#REF! -> #REF! | DR35: =#REF! -> #REF! | DS35: =#REF! -> #REF! | DT35: =#REF! -> #REF! | ... DV35: =#REF! -> #REF! | DW35: =DM35+DO35+DQ35+DS35+DU35 -> #REF! | DX35: =DN35+DP35+DR35+DT35+DV35 -> #REF! | DY35: =#REF! -> #REF! | DZ35: =#REF! -> #REF! | EA35: =#REF! -> #REF! | EB35: =#REF! -> #REF! | EC35: =#REF! -> #REF! | ED35: =#REF! -> #REF! | EE35: =#REF! -> #REF! | EF35: =#REF! -> #REF! | ... EL35: =#REF! -> #REF! | EM35: =DY35+EA35+EC35+EE35+EG35+EI35+EK35 -> #REF! | EN35: =DZ35+EB35+ED35+EF35+EH35+EJ35+EL35 -> #REF! | EO35: =#REF! -> #REF! | EP35: =#REF! -> #REF! | EQ35: =#REF! -> #REF! | ER35: =#REF! -> #REF! | ES35: =#REF! -> #REF! | ET35: =#REF! -> #REF! | EU35: =#REF! -> #REF! | EV35: =#REF! -> #REF! | ... FF35: =#REF! -> #REF! | FG35: =EO35+EQ35+ES35+EU35+EW35+EY35+FA35+FC35+FE35 -> #REF! | FH35: =FD35+FB35+EZ35+EX35+EV35+ET35+ER35+EP35+FF35 -> #REF! | FI35: =#REF! -> #REF! | FJ35: =#REF! -> #REF! | FK35: =#REF! -> #REF! | FL35: =#REF! -> #REF! | FM35: =#REF! -> #REF! | FN35: =#REF! -> #REF! | FO35: =#REF! -> #REF! | FP35: =#REF! -> #REF! | FQ35: =FI35+FK35+FM35+FO35 -> #REF! | FR35: =FJ35+FL35+FN35+FP35 -> #REF! | FT35: 1281 | FU35: =#REF! -> #REF! | FV35: 11 | FW35: =#REF! -> #REF! | FX35: =#REF! -> #REF!
A36: 29 | B36: Taal | C36: =#REF! -> #REF! | D36: =#REF! -> #REF! | E36: =C36+D36 -> #REF! | F36: =N36+V36+BV36+DL36+DX36+EN36+FH36+FR36+FT36+FV36+FX36 -> #REF! | G36: =#REF! -> #REF! | H36: =#REF! -> #REF! | I36: =#REF! -> #REF! | J36: =#REF! -> #REF! | K36: =#REF! -> #REF! | L36: =#REF! -> #REF! | M36: =G36+I36+K36 -> #REF! | N36: =H36+J36+L36 -> #REF! | O36: =#REF! -> #REF! | P36: =#REF! -> #REF! | Q36: =#REF! -> #REF! | R36: =#REF! -> #REF! | S36: =#REF! -> #REF! | T36: =#REF! -> #REF! | U36: =O36+Q36+S36 -> #REF! | V36: =P36+R36+T36 -> #REF! | W36: =#REF! -> #REF! | X36: =#REF! -> #REF! | Y36: =#REF! -> #REF! | Z36: =#REF! -> #REF! | AA36: =#REF! -> #REF! | AB36: =#REF! -> #REF! | AC36: =#REF! -> #REF! | AD36: =#REF! -> #REF! | ... AR36: =#REF! -> #REF! | AS36: =W36+Y36+AA36+AC36+AE36+AG36+AI36+AK36+AM36+AO36+AQ36 -> #REF! | AT36: =X36+Z36+AB36+AD36+AF36+AH36+AJ36+AL36+AN36+AP36+AR36 -> #REF! | AU36: =#REF! -> #REF! | AV36: =#REF! -> #REF! | AW36: =#REF! -> #REF! | AX36: =#REF! -> #REF! | AY36: =#REF! -> #REF! | AZ36: =#REF! -> #REF! | BA36: =#REF! -> #REF! | BB36: =#REF! -> #REF! | ... BH36: =#REF! -> #REF! | BI36: =AU36+AW36+AY36+BA36+BC36+BE36+BG36 -> #REF! | BJ36: =AV36+AX36+AZ36+BB36+BD36+BH36+BF36 -> #REF! | BK36: =#REF! -> #REF! | BL36: =#REF! -> #REF! | BM36: =#REF! -> #REF! | BN36: =#REF! -> #REF! | BO36: =#REF! -> #REF! | BP36: =#REF! -> #REF! | BQ36: =BK36+BM36+BO36 -> #REF! | BR36: =BL36+BN36+BP36 -> #REF! | BS36: =#REF! -> #REF! | BT36: =#REF! -> #REF! | BU36: =AS36+BI36+BQ36+BS36 -> #REF! | BV36: =AT36+BJ36+BR36+BT36 -> #REF! | BW36: =#REF! -> #REF! | BX36: =#REF! -> #REF! | BY36: =#REF! -> #REF! | BZ36: =#REF! -> #REF! | CA36: =#REF! -> #REF! | CB36: =#REF! -> #REF! | CC36: =#REF! -> #REF! | CD36: =#REF! -> #REF! | ... DJ36: =#REF! -> #REF! | DK36: =BW36+BY36+CA36+CC36+CE36+CG36+CI36+CK36+CM36+CO36+CQ36+CS36+CU36+CW36+CY36+DA36+DC36+DE36+DG36+DI36 -> #REF! | DL36: =CX36+CV36+CT36+CR36+CP36+CN36+CL36+CJ36+CH36+CF36+CD36+CB36+BZ36+BX36+CZ36+DB36+DD36+DF36+DH36+DJ36 -> #REF! | DM36: =#REF! -> #REF! | DN36: =#REF! -> #REF! | DO36: =#REF! -> #REF! | DP36: =#REF! -> #REF! | DQ36: =#REF! -> #REF! | DR36: =#REF! -> #REF! | DS36: =#REF! -> #REF! | DT36: =#REF! -> #REF! | ... DV36: =#REF! -> #REF! | DW36: =DM36+DO36+DQ36+DS36+DU36 -> #REF! | DX36: =DN36+DP36+DR36+DT36+DV36 -> #REF! | DY36: =#REF! -> #REF! | DZ36: =#REF! -> #REF! | EA36: =#REF! -> #REF! | EB36: =#REF! -> #REF! | EC36: =#REF! -> #REF! | ED36: =#REF! -> #REF! | EE36: =#REF! -> #REF! | EF36: =#REF! -> #REF! | ... EL36: =#REF! -> #REF! | EM36: =DY36+EA36+EC36+EE36+EG36+EI36+EK36 -> #REF! | EN36: =DZ36+EB36+ED36+EF36+EH36+EJ36+EL36 -> #REF! | EO36: =#REF! -> #REF! | EP36: =#REF! -> #REF! | EQ36: =#REF! -> #REF! | ER36: =#REF! -> #REF! | ES36: =#REF! -> #REF! | ET36: =#REF! -> #REF! | EU36: =#REF! -> #REF! | EV36: =#REF! -> #REF! | ... FF36: =#REF! -> #REF! | FG36: =EO36+EQ36+ES36+EU36+EW36+EY36+FA36+FC36+FE36 -> #REF! | FH36: =FD36+FB36+EZ36+EX36+EV36+ET36+ER36+EP36+FF36 -> #REF! | FI36: =#REF! -> #REF! | FJ36: =#REF! -> #REF! | FK36: =#REF! -> #REF! | FL36: =#REF! -> #REF! | FM36: =#REF! -> #REF! | FN36: =#REF! -> #REF! | FO36: =#REF! -> #REF! | FP36: =#REF! -> #REF! | FQ36: =FI36+FK36+FM36+FO36 -> #REF! | FR36: =FJ36+FL36+FN36+FP36 -> #REF! | FS36: 226 | FT36: 297.5 | FV36: 915 | FW36: =#REF! -> #REF! | FX36: =#REF! -> #REF!
A37: 30 | B37: Talisay | C37: =#REF! -> #REF! | D37: =#REF! -> #REF! | E37: 890 | F37: =N37+V37+BV37+DL37+DX37+EN37+FH37+FR37+FT37+FV37+FX37 -> #REF! | G37: 1 | H37: 0.6 | I37: =#REF! -> #REF! | J37: =#REF! -> #REF! | K37: 1 | L37: 0.9 | M37: =G37+I37+K37 -> #REF! | N37: =H37+J37+L37 -> #REF! | P37: 7.972 | Q37: =#REF! -> #REF! | R37: =#REF! -> #REF! | T37: 30.9145 | U37: =O37+Q37+S37 -> #REF! | V37: =P37+R37+T37 -> #REF! | X37: 3.743 | Z37: 7.1233 | AB37: 38.513 | AD37: 2.8792 | AF37: 22.3065 | AH37: 1.0158 | AJ37: 6.7415 | AL37: 0.381 | AN37: 0.066 | AP37: =#REF! -> #REF! | AQ37: =#REF! -> #REF! | AR37: 0.025 | AS37: =W37+Y37+AA37+AC37+AE37+AG37+AI37+AK37+AM37+AO37+AQ37 -> #REF! | AT37: =X37+Z37+AB37+AD37+AF37+AH37+AJ37+AL37+AN37+AP37+AR37 -> #REF! | AV37: 8.806 | AX37: 0.202 | BF37: 2.361 | BI37: =AU37+AW37+AY37+BA37+BC37+BE37+BG37 -> 0 | BJ37: =AV37+AX37+AZ37+BB37+BD37+BH37+BF37 -> 11.369 | BL37: 1.15 | BQ37: =BK37+BM37+BO37 -> 0 | BR37: =#REF! -> #REF! | BS37: =#REF! -> #REF! | BT37: =#REF! -> #REF! | BU37: =AS37+BI37+BQ37+BS37 -> #REF! | BV37: =AT37+BJ37+BR37+BT37 -> #REF! | BX37: 67.749 | BZ37: 22.5672 | CB37: 0.018 | CD37: 5.164 | CF37: 0.063 | CH37: =8.68202+1.198+0.08 -> 9.96002 | CJ37: 3.618 | CL37: 0.218 | CN37: 9.6021 | CR37: 5.818 | CT37: 42.3452 | CZ37: 13.3944 | DB37: 0.34 | DJ37: 0.13 | DK37: =BW37+BY37+CA37+CC37+CE37+CG37+CI37+CK37+CM37+CO37+CQ37+CS37+CU37+CW37+CY37+DA37+DC37+DE37+DG37+DI37 -> 0 | DL37: =CX37+CV37+CT37+CR37+CP37+CN37+CL37+CJ37+CH37+CF37+CD37+CB37+BZ37+BX37+CZ37+DB37+DD37+DF37+DH37+DJ37 -> 180.98692 | DN37: 16.412 | DP37: 38.6868 | DR37: 11.441 | DV37: 106.9133 | DW37: =DM37+DO37+DQ37+DS37+DU37 -> 0 | DX37: =DN37+DP37+DR37+DT37+DV37 -> 173.4531 | DZ37: 0.655 | EB37: 0.049 | EF37: 6.1142 | EH37: 0.141 | EM37: =DY37+EA37+EC37+EE37+EG37+EI37+EK37 -> 0 | EN37: =DZ37+EB37+ED37+EF37+EH37+EJ37+EL37 -> 6.9592 | EP37: 7.3075 | EV37: 1.083 | EX37: 1.035 | EZ37: 0.034 | FF37: =#REF! -> #REF! | FG37: =EO37+EQ37+ES37+EU37+EW37+EY37+FA37+FC37+FE37 -> 0 | FH37: =FD37+FB37+EZ37+EX37+EV37+ET37+ER37+EP37+FF37 -> #REF! | FJ37: 7.1319 | FL37: 0.19 | FN37: 0.004 | FP37: 362.8648 | FQ37: =FI37+FK37+FM37+FO37 -> 0 | FR37: =FJ37+FL37+FN37+FP37 -> 370.1907 | FS37: 278 | FT37: 282.8 | FU37: =#REF! -> #REF! | FV37: =#REF! -> #REF! | FW37: =#REF! -> #REF! | FX37: =#REF! -> #REF!
A38: 31 | B38: Tanauan City | C38: =#REF! -> #REF! | D38: =#REF! -> #REF! | E38: =M38+U38+BU38+DK38+DW38+EM38+FG38+FQ38+FS38+FU38+FW38 -> #REF! | F38: =N38+V38+BV38+DL38+DX38+EN38+FH38+FR38+FT38+FV38+FX38 -> #REF! | G38: =#REF! -> #REF! | H38: =#REF! -> #REF! | I38: =#REF! -> #REF! | J38: =#REF! -> #REF! | K38: =#REF! -> #REF! | L38: =#REF! -> #REF! | M38: =G38+I38+K38 -> #REF! | N38: =H38+J38+L38 -> #REF! | O38: =#REF! -> #REF! | P38: =#REF! -> #REF! | Q38: =#REF! -> #REF! | R38: =#REF! -> #REF! | S38: =#REF! -> #REF! | T38: =#REF! -> #REF! | U38: =O38+Q38+S38 -> #REF! | V38: =P38+R38+T38 -> #REF! | W38: =#REF! -> #REF! | X38: =#REF! -> #REF! | Y38: =#REF! -> #REF! | Z38: =#REF! -> #REF! | AA38: =#REF! -> #REF! | AB38: =#REF! -> #REF! | AC38: =#REF! -> #REF! | AD38: =#REF! -> #REF! | ... AR38: =#REF! -> #REF! | AS38: =W38+Y38+AA38+AC38+AE38+AG38+AI38+AK38+AM38+AO38+AQ38 -> #REF! | AT38: =X38+Z38+AB38+AD38+AF38+AH38+AJ38+AL38+AN38+AP38+AR38 -> #REF! | AU38: =#REF! -> #REF! | AV38: =#REF! -> #REF! | AW38: =#REF! -> #REF! | AX38: =#REF! -> #REF! | AY38: =#REF! -> #REF! | AZ38: =#REF! -> #REF! | BA38: =#REF! -> #REF! | BB38: =#REF! -> #REF! | ... BH38: =#REF! -> #REF! | BI38: =AU38+AW38+AY38+BA38+BC38+BE38+BG38 -> #REF! | BJ38: =AV38+AX38+AZ38+BB38+BD38+BH38+BF38 -> #REF! | BK38: =#REF! -> #REF! | BL38: =#REF! -> #REF! | BM38: =#REF! -> #REF! | BN38: =#REF! -> #REF! | BO38: =#REF! -> #REF! | BP38: =#REF! -> #REF! | BQ38: =BK38+BM38+BO38 -> #REF! | BR38: =BL38+BN38+BP38 -> #REF! | BS38: =#REF! -> #REF! | BT38: =#REF! -> #REF! | BU38: =AS38+BI38+BQ38+BS38 -> #REF! | BV38: =AT38+BJ38+BR38+BT38 -> #REF! | BW38: 179 | BX38: 20.5 | BY38: 560 | BZ38: 32.36 | CA38: 352 | CB38: 121.1 | CC38: 495 | CD38: 59.34 | CE38: 3 | CF38: 0.41 | CG38: 213 | CH38: 43.71 | CI38: 306 | CJ38: 22.91 | CK38: 58 | CL38: 3.25 | CM38: 134 | CN38: 6.2 | CO38: 6 | CP38: 2.43 | CQ38: =#REF! -> #REF! | CR38: =#REF! -> #REF! | CS38: =#REF! -> #REF! | CT38: =#REF! -> #REF! | CU38: =#REF! -> #REF! | CV38: =#REF! -> #REF! | CW38: =#REF! -> #REF! | CX38: =#REF! -> #REF! | ... DJ38: =#REF! -> #REF! | DK38: =BW38+BY38+CA38+CC38+CE38+CG38+CI38+CK38+CM38+CO38+CQ38+CS38+CU38+CW38+CY38+DA38+DC38+DE38+DG38+DI38 -> #REF! | DL38: =CX38+CV38+CT38+CR38+CP38+CN38+CL38+CJ38+CH38+CF38+CD38+CB38+BZ38+BX38+CZ38+DB38+DD38+DF38+DH38+DJ38 -> #REF! | DM38: =#REF! -> #REF! | DN38: =#REF! -> #REF! | DO38: =#REF! -> #REF! | DP38: =#REF! -> #REF! | DQ38: =#REF! -> #REF! | DR38: =#REF! -> #REF! | DS38: =#REF! -> #REF! | DT38: =#REF! -> #REF! | ... DV38: =#REF! -> #REF! | DW38: =DM38+DO38+DQ38+DS38+DU38 -> #REF! | DX38: =DN38+DP38+DR38+DT38+DV38 -> #REF! | DY38: =#REF! -> #REF! | DZ38: =#REF! -> #REF! | EA38: =#REF! -> #REF! | EB38: =#REF! -> #REF! | EC38: =#REF! -> #REF! | ED38: =#REF! -> #REF! | EE38: =#REF! -> #REF! | EF38: =#REF! -> #REF! | ... EL38: =#REF! -> #REF! | EM38: =DY38+EA38+EC38+EE38+EG38+EI38+EK38 -> #REF! | EN38: =DZ38+EB38+ED38+EF38+EH38+EJ38+EL38 -> #REF! | EO38: =#REF! -> #REF! | EP38: =#REF! -> #REF! | EQ38: =#REF! -> #REF! | ER38: =#REF! -> #REF! | ES38: =#REF! -> #REF! | ET38: =#REF! -> #REF! | EU38: =#REF! -> #REF! | EV38: =#REF! -> #REF! | EW38: 115 | EX38: 26.96 | EY38: =#REF! -> #REF! | EZ38: =#REF! -> #REF! | FA38: =#REF! -> #REF! | FB38: =#REF! -> #REF! | FC38: =#REF! -> #REF! | FD38: =#REF! -> #REF! | FE38: 29 | FF38: 5.2 | FG38: =EO38+EQ38+ES38+EU38+EW38+EY38+FA38+FC38+FE38 -> #REF! | FH38: =FD38+FB38+EZ38+EX38+EV38+ET38+ER38+EP38+FF38 -> #REF! | FI38: =#REF! -> #REF! | FJ38: =#REF! -> #REF! | FK38: 134 | FL38: 29.41 | FM38: =#REF! -> #REF! | FN38: =#REF! -> #REF! | FO38: =#REF! -> #REF! | FP38: =#REF! -> #REF! | FQ38: =FI38+FK38+FM38+FO38 -> #REF! | FR38: =FJ38+FL38+FN38+FP38 -> #REF! | FS38: 723 | FT38: 959 | FV38: 1043 | FW38: =#REF! -> #REF! | FX38: =#REF! -> #REF!
A39: 32 | B39: Taysan | C39: =#REF! -> #REF! | D39: =#REF! -> #REF! | E39: =C39+D39 -> #REF! | F39: =N39+V39+BV39+DL39+DX39+EN39+FH39+FR39+FT39+FV39+FX39 -> #REF! | G39: 26 | H39: 70 | I39: 168 | J39: 248 | K39: =#REF! -> #REF! | L39: =#REF! -> #REF! | M39: =G39+I39+K39 -> #REF! | N39: =H39+J39+L39 -> #REF! | O39: =#REF! -> #REF! | P39: =#REF! -> #REF! | Q39: =#REF! -> #REF! | R39: =#REF! -> #REF! | S39: =#REF! -> #REF! | T39: =#REF! -> #REF! | U39: =O39+Q39+S39 -> #REF! | V39: =P39+R39+T39 -> #REF! | W39: =#REF! -> #REF! | X39: =#REF! -> #REF! | Y39: =#REF! -> #REF! | Z39: =#REF! -> #REF! | AA39: =#REF! -> #REF! | AB39: =#REF! -> #REF! | AC39: =#REF! -> #REF! | AD39: =#REF! -> #REF! | ... AR39: =#REF! -> #REF! | AS39: =W39+Y39+AA39+AC39+AE39+AG39+AI39+AK39+AM39+AO39+AQ39 -> #REF! | AT39: =X39+Z39+AB39+AD39+AF39+AH39+AJ39+AL39+AN39+AP39+AR39 -> #REF! | AU39: =#REF! -> #REF! | AV39: =#REF! -> #REF! | AW39: =#REF! -> #REF! | AX39: =#REF! -> #REF! | AY39: =#REF! -> #REF! | AZ39: =#REF! -> #REF! | BA39: =#REF! -> #REF! | BB39: =#REF! -> #REF! | ... BH39: =#REF! -> #REF! | BI39: =AU39+AW39+AY39+BA39+BC39+BE39+BG39 -> #REF! | BJ39: =AV39+AX39+AZ39+BB39+BD39+BH39+BF39 -> #REF! | BK39: =#REF! -> #REF! | BL39: =#REF! -> #REF! | BM39: =#REF! -> #REF! | BN39: =#REF! -> #REF! | BO39: =#REF! -> #REF! | BP39: =#REF! -> #REF! | BQ39: =BK39+BM39+BO39 -> #REF! | BR39: =BL39+BN39+BP39 -> #REF! | BS39: =#REF! -> #REF! | BT39: =#REF! -> #REF! | BU39: =AS39+BI39+BQ39+BS39 -> #REF! | BV39: =AT39+BJ39+BR39+BT39 -> #REF! | BW39: =#REF! -> #REF! | BX39: =#REF! -> #REF! | BY39: =#REF! -> #REF! | BZ39: =#REF! -> #REF! | CA39: =#REF! -> #REF! | CB39: =#REF! -> #REF! | CC39: =#REF! -> #REF! | CD39: =#REF! -> #REF! | ... DJ39: =#REF! -> #REF! | DK39: =BW39+BY39+CA39+CC39+CE39+CG39+CI39+CK39+CM39+CO39+CQ39+CS39+CU39+CW39+CY39+DA39+DC39+DE39+DG39+DI39 -> #REF! | DL39: =CX39+CV39+CT39+CR39+CP39+CN39+CL39+CJ39+CH39+CF39+CD39+CB39+BZ39+BX39+CZ39+DB39+DD39+DF39+DH39+DJ39 -> #REF! | DM39: =#REF! -> #REF! | DN39: =#REF! -> #REF! | DO39: =#REF! -> #REF! | DP39: =#REF! -> #REF! | DQ39: =#REF! -> #REF! | DR39: =#REF! -> #REF! | DS39: =#REF! -> #REF! | DT39: =#REF! -> #REF! | ... DV39: =#REF! -> #REF! | DW39: =DM39+DO39+DQ39+DS39+DU39 -> #REF! | DX39: =DN39+DP39+DR39+DT39+DV39 -> #REF! | DY39: =#REF! -> #REF! | DZ39: =#REF! -> #REF! | EA39: =#REF! -> #REF! | EB39: =#REF! -> #REF! | EC39: =#REF! -> #REF! | ED39: =#REF! -> #REF! | EE39: =#REF! -> #REF! | EF39: =#REF! -> #REF! | ... EL39: =#REF! -> #REF! | EM39: =DY39+EA39+EC39+EE39+EG39+EI39+EK39 -> #REF! | EN39: =DZ39+EB39+ED39+EF39+EH39+EJ39+EL39 -> #REF! | EO39: =#REF! -> #REF! | EP39: =#REF! -> #REF! | EQ39: =#REF! -> #REF! | ER39: =#REF! -> #REF! | ES39: =#REF! -> #REF! | ET39: =#REF! -> #REF! | EU39: =#REF! -> #REF! | EV39: =#REF! -> #REF! | ... FF39: =#REF! -> #REF! | FG39: =EO39+EQ39+ES39+EU39+EW39+EY39+FA39+FC39+FE39 -> #REF! | FH39: =FD39+FB39+EZ39+EX39+EV39+ET39+ER39+EP39+FF39 -> #REF! | FI39: =#REF! -> #REF! | FJ39: =#REF! -> #REF! | FK39: =#REF! -> #REF! | FL39: =#REF! -> #REF! | FM39: =#REF! -> #REF! | FN39: =#REF! -> #REF! | FO39: =#REF! -> #REF! | FP39: =#REF! -> #REF! | FQ39: =FI39+FK39+FM39+FO39 -> #REF! | FR39: =FJ39+FL39+FN39+FP39 -> #REF! | FS39: 292 | FT39: 427 | FU39: =#REF! -> #REF! | FV39: 204 | FW39: =#REF! -> #REF! | FX39: =#REF! -> #REF!
A40: 33 | B40: Tingloy | E40: =M40+U40+BU40+DK40+DW40+EM40+FG40+FQ40+FS40+FU40+FW40 -> 1050 | F40: =N40+V40+BV40+DL40+DX40+EN40+FH40+FR40+FT40+FV40+FX40 -> 935 | G40: 22 | H40: 11 | I40: 8 | J40: 5 | K40: 10 | L40: 3 | M40: =G40+I40+K40 -> 40 | N40: =H40+J40+L40 -> 19 | O40: 47 | P40: 26 | Q40: 58 | R40: 31 | S40: 73 | T40: 9.6 | U40: =O40+Q40+S40 -> 178 | V40: =P40+R40+T40 -> 66.6 | W40: 60 | X40: 5.95 | AS40: =W40+Y40+AA40+AC40+AE40+AG40+AI40+AK40+AM40+AO40+AQ40 -> 60 | AT40: =X40+Z40+AB40+AD40+AF40+AH40+AJ40+AL40+AN40+AP40+AR40 -> 5.95 | BI40: 42 | BJ40: 3.95 | BQ40: =BK40+BM40+BO40 -> 0 | BR40: =BL40+BN40+BP40 -> 0 | BU40: =AS40+BI40+BQ40+BS40 -> 102 | BV40: =AT40+BJ40+BR40+BT40 -> 9.9 | DK40: =BW40+BY40+CA40+CC40+CE40+CG40+CI40+CK40+CM40+CO40+CQ40+CS40+CU40+CW40+CY40+DA40+DC40+DE40+DG40+DI40 -> 0 | DL40: =CX40+CV40+CT40+CR40+CP40+CN40+CL40+CJ40+CH40+CF40+CD40+CB40+BZ40+BX40+CZ40+DB40+DD40+DF40+DH40+DJ40 -> 0 | DM40: 38 | DN40: 6.5 | DQ40: 32 | DR40: 4 | DU40: 22 | DV40: 5 | DW40: =DM40+DO40+DQ40+DS40+DU40 -> 92 | DX40: =DN40+DP40+DR40+DT40+DV40 -> 15.5 | EE40: 25 | EF40: 3 | EG40: 28 | EH40: 4 | EM40: =DY40+EA40+EC40+EE40+EG40+EI40+EK40 -> 53 | EN40: =DZ40+EB40+ED40+EF40+EH40+EJ40+EL40 -> 7 | EO40: 40 | EP40: 8 | FG40: =EO40+EQ40+ES40+EU40+EW40+EY40+FA40+FC40+FE40 -> 40 | FH40: =FD40+FB40+EZ40+EX40+EV40+ET40+ER40+EP40+FF40 -> 8 | FO40: 300 | FP40: 450 | FQ40: =FI40+FK40+FM40+FO40 -> 300 | FR40: =FJ40+FL40+FN40+FP40 -> 450 | FS40: 245 | FT40: 359
A41: 34 | B41: Tuy | C41: =#REF! -> #REF! | D41: =#REF! -> #REF! | E41: =C41+D41 -> #REF! | F41: =N41+V41+BV41+DL41+DX41+EN41+FH41+FR41+FT41+FV41+FX41 -> #REF! | G41: =#REF! -> #REF! | H41: =#REF! -> #REF! | I41: =#REF! -> #REF! | J41: =#REF! -> #REF! | K41: 180 | L41: 90 | M41: =G41+I41+K41 -> #REF! | N41: =H41+J41+L41 -> #REF! | O41: =#REF! -> #REF! | P41: =#REF! -> #REF! | Q41: =#REF! -> #REF! | R41: =#REF! -> #REF! | S41: =#REF! -> #REF! | T41: =#REF! -> #REF! | U41: =O41+Q41+S41 -> #REF! | V41: =P41+R41+T41 -> #REF! | W41: =#REF! -> #REF! | X41: =#REF! -> #REF! | Y41: =#REF! -> #REF! | Z41: =#REF! -> #REF! | AA41: =#REF! -> #REF! | AB41: =#REF! -> #REF! | AC41: =#REF! -> #REF! | AD41: =#REF! -> #REF! | ... AR41: =#REF! -> #REF! | AS41: =W41+Y41+AA41+AC41+AE41+AG41+AI41+AK41+AM41+AO41+AQ41 -> #REF! | AT41: =X41+Z41+AB41+AD41+AF41+AH41+AJ41+AL41+AN41+AP41+AR41 -> #REF! | AU41: =#REF! -> #REF! | AV41: =#REF! -> #REF! | AW41: =#REF! -> #REF! | AX41: =#REF! -> #REF! | AY41: =#REF! -> #REF! | AZ41: =#REF! -> #REF! | BA41: =#REF! -> #REF! | BB41: =#REF! -> #REF! | ... BH41: =#REF! -> #REF! | BI41: =AU41+AW41+AY41+BA41+BC41+BE41+BG41 -> #REF! | BJ41: =AV41+AX41+AZ41+BB41+BD41+BH41+BF41 -> #REF! | BK41: =#REF! -> #REF! | BL41: =#REF! -> #REF! | BM41: =#REF! -> #REF! | BN41: =#REF! -> #REF! | BO41: =#REF! -> #REF! | BP41: =#REF! -> #REF! | BQ41: =BK41+BM41+BO41 -> #REF! | BR41: =BL41+BN41+BP41 -> #REF! | BS41: =#REF! -> #REF! | BT41: =#REF! -> #REF! | BU41: =AS41+BI41+BQ41+BS41 -> #REF! | BV41: =AT41+BJ41+BR41+BT41 -> #REF! | BW41: =#REF! -> #REF! | BX41: =#REF! -> #REF! | BY41: =#REF! -> #REF! | BZ41: =#REF! -> #REF! | CA41: =#REF! -> #REF! | CB41: =#REF! -> #REF! | CC41: =#REF! -> #REF! | CD41: =#REF! -> #REF! | ... DJ41: =#REF! -> #REF! | DK41: =BW41+BY41+CA41+CC41+CE41+CG41+CI41+CK41+CM41+CO41+CQ41+CS41+CU41+CW41+CY41+DA41+DC41+DE41+DG41+DI41 -> #REF! | DL41: =CX41+CV41+CT41+CR41+CP41+CN41+CL41+CJ41+CH41+CF41+CD41+CB41+BZ41+BX41+CZ41+DB41+DD41+DF41+DH41+DJ41 -> #REF! | DM41: =#REF! -> #REF! | DN41: =#REF! -> #REF! | DO41: =#REF! -> #REF! | DP41: =#REF! -> #REF! | DQ41: =#REF! -> #REF! | DR41: =#REF! -> #REF! | DS41: =#REF! -> #REF! | DT41: =#REF! -> #REF! | ... DV41: =#REF! -> #REF! | DW41: =DM41+DO41+DQ41+DS41+DU41 -> #REF! | DX41: =DN41+DP41+DR41+DT41+DV41 -> #REF! | DY41: =#REF! -> #REF! | DZ41: =#REF! -> #REF! | EA41: =#REF! -> #REF! | EB41: =#REF! -> #REF! | EC41: =#REF! -> #REF! | ED41: =#REF! -> #REF! | EE41: =#REF! -> #REF! | EF41: =#REF! -> #REF! | ... EL41: =#REF! -> #REF! | EM41: =DY41+EA41+EC41+EE41+EG41+EI41+EK41 -> #REF! | EN41: =DZ41+EB41+ED41+EF41+EH41+EJ41+EL41 -> #REF! | EO41: =#REF! -> #REF! | EP41: =#REF! -> #REF! | EQ41: =#REF! -> #REF! | ER41: =#REF! -> #REF! | ES41: =#REF! -> #REF! | ET41: =#REF! -> #REF! | EU41: =#REF! -> #REF! | EV41: =#REF! -> #REF! | ... FF41: =#REF! -> #REF! | FG41: =EO41+EQ41+ES41+EU41+EW41+EY41+FA41+FC41+FE41 -> #REF! | FH41: =FD41+FB41+EZ41+EX41+EV41+ET41+ER41+EP41+FF41 -> #REF! | FI41: =#REF! -> #REF! | FJ41: =#REF! -> #REF! | FK41: =#REF! -> #REF! | FL41: =#REF! -> #REF! | FM41: =#REF! -> #REF! | FN41: =#REF! -> #REF! | FO41: =#REF! -> #REF! | FP41: =#REF! -> #REF! | FQ41: =FI41+FK41+FM41+FO41 -> #REF! | FR41: =FJ41+FL41+FN41+FP41 -> #REF! | FS41: 76 | FT41: 95 | FU41: =#REF! -> #REF! | FV41: 4251.24 | FW41: =#REF! -> #REF! | FX41: =#REF! -> #REF!
A42: GRAND TOTAL | C42: =SUM(C8:C41) -> #REF! | D42: =SUM(D8:D41) -> #REF! | E42: =SUM(E8:E41) -> #REF! | F42: =SUM(F8:F41) -> #REF! | G42: =SUM(G8:G41) -> #REF! | H42: =SUM(H8:H41) -> #REF! | I42: =SUM(I8:I41) -> #REF! | J42: =SUM(J8:J41) -> #REF! | ... FX42: =SUM(FX8:FX41) -> #REF!

Sheet BATANGAS PROVINCE
A2: Province: BATANGAS
A5: No. | B5: MUNICIPALITY | C5: MALE | D5: FEMALE | E5: No. of Farmers | F5: GRAND TOTAL Area (ha) | G5: RICE | N5: CORN | U5: FRUIT VEGETABLES | AR5: LEAFY VEGETABLES | BG5: ROOT VEGETABLES | BQ5: FRUIT TREES | DF5: ROOT CROPS | DQ5: SPICES | EF5: LEGUMES | EY5: INDUSTRIAL CROPS | FH5: COCONUT | FJ5: SUGARCANE | FL5: BAMBOO
G6: IRRIGATED | I6: RAINFED | K6: UPLAND | M6: TOTAL Area (ha) | N6: YELLOW | P6: WHITE | R6: GREEN | T6: TOTAL Area (ha) | U6: AMPALAYA | W6: EGGPLANT | Y6: POLE SITAO | AA6: OKRA | AC6: SQUASH | AE6: TOMATO | AG6: UPO | AI6: PATOLA | AK6: CUCUMBER | AM6: WATERMELON | AO6: SAYOTE | AQ6: SUB TOTAL Area (ha) | AR6: PECHAY | AT6: MUSTARD | AV6: KANGKONG | AX6: PAKCHOI | AZ6: LETTUCE | BB6: MALUNGGAY | BD6: SILI TOPS | BF6: SUB TOTAL Area (ha) | BG6: RADISH | BI6: SINGKAMAS | BM6: SUB TOTAL Area (ha) | BN6: VEGETABLES | BP6: TOTAL Area (ha) | BQ6: MANGO | BS6: PAPAYA | BU6: LANZONES | BW6: RAMBUTAN | BY6: TAMARIND | CA6: CITRUS | CC6: GUYABANO | CE6: ATIS | CG6: CHICO | CI6: DRAGON FRUIT | CK6: JACKFRUIT | CM6: AVOCADO | CO6: DUHAT | CQ6: DURIAN | CS6: SANTOL | CU6: GUAVA | CW6: STAR APPLE | CY6: KAMANSI | DA6: CASHEW | DC6: SINIGUELAS | DE6: TOTAL Area (ha) | DF6: SWEET POTATO | DH6: UBE | DJ6: GABI | DL6: TARO | DN6: CASSAVA | DP6: TOTAL Area (ha) | DQ6: BLACK PEPPER | DS6: HOT PEPPER | DU6: BELL PEPPER | DW6: GINGER | DY6: GARLIC | EA6: ONION | EC6: TURMERIC | EE6: TOTAL Area (ha) | EF6: PEANUT | EH6: MUNGBEAN | EJ6: SOYBEAN | EL6: PATANI | EN6: SEGUIDILLAS | EP6: COWPEA | ER6: BATAO | ET6: KADYOS | EV6: BAGUIO BEANS | EX6: TOTAL Area (ha) | EY6: COFFEE | FA6: CACAO | FC6: PINEAPPLE | FE6: BANANA | FG6: TOTAL Area (ha)
G7: NF | H7: Area (ha) | I7: NF | J7: Area (ha) | K7: NF | L7: Area (ha) | N7: NF | O7: Area (ha) | P7: NF | Q7: Area (ha) | R7: NF | S7: Area (ha) | U7: NF | V7: Area (ha) | W7: NF | X7: Area (ha) | Y7: NF | Z7: Area (ha) | AA7: NF | AB7: Area (ha) | AC7: NF | AD7: Area (ha) | AE7: NF | AF7: Area (ha) | AG7: NF | AH7: Area (ha) | AI7: NF | AJ7: Area (ha) | AK7: NF | AL7: Area (ha) | AM7: NF | AN7: Area (ha) | AO7: NF | AP7: Area (ha) | AR7: NF | AS7: Area (ha) | AT7: NF | AU7: Area (ha) | AV7: NF | AW7: Area (ha) | AX7: NF | AY7: Area (ha) | AZ7: NF | BA7: Area (ha) | BB7: NF | BC7: Area (ha) | BD7: NF | BE7: Area (ha) | BG7: NF | BH7: Area (ha) | BI7: NF | BJ7: Area (ha) | BK7: NF | BL7: Area (ha) | BN7: NF | BO7: Area (ha) | BQ7: NF | BR7: Area (ha) | BS7: NF | BT7: Area (ha) | BU7: NF | BV7: Area (ha) | BW7: NF | BX7: Area (ha) | BY7: NF | BZ7: Area (ha) | CA7: NF | CB7: Area (ha) | CC7: NF | CD7: Area (ha) | CE7: NF | CF7: Area (ha) | CG7: NF | CH7: Area (ha) | CI7: NF | CJ7: Area (ha) | CK7: NF | CL7: Area (ha) | CM7: NF | CN7: Area (ha) | CO7: NF | CP7: Area (ha) | CQ7: NF | CR7: Area (ha) | CS7: NF | CT7: Area (ha) | CU7: NF | CV7: Area (ha) | CW7: NF | CX7: Area (ha) | CY7: NF | CZ7: Area (ha) | DA7: NF | DB7: Area (ha) | DC7: NF | DD7: Area (ha) | DF7: NF | DG7: Area (ha) | DH7: NF | DI7: Area (ha) | DJ7: NF | DK7: Area (ha) | DL7: NF | DM7: Area (ha) | DN7: NF | DO7: Area (ha) | DQ7: NF | DR7: Area (ha) | DS7: NF | DT7: Area (ha) | DU7: NF | DV7: Area (ha) | DW7: NF | DX7: Area (ha) | DY7: NF | DZ7: Area (ha) | EA7: NF | EB7: Area (ha) | EC7: NF | ED7: Area (ha) | EF7: NF | EG7: Area (ha) | EH7: NF | EI7: Area (ha) | EJ7: NF | EK7: Area (ha) | EL7: NF | EM7: Area (ha) | EN7: NF | EO7: Area (ha) | EP7: NF | EQ7: Area (ha) | ER7: NF | ES7: Area (ha) | ET7: NF | EU7: Area (ha) | EV7: NF | EW7: Area (ha) | EY7: NF | EZ7: Area (ha) | FA7: NF | FB7: Area (ha) | FC7: NF | FD7: Area (ha) | FE7: NF | FF7: Area (ha) | FH7: NF | FI7: Area (ha) | FJ7: NF | FK7: Area (ha) | FL7: NF | FM7: Area (ha)
A8: 1 | B8: Agoncillo | C8: =#REF! -> #REF! | D8: =#REF! -> #REF! | E8: =C8+D8 -> #REF! | F8: =M8+T8+BP8+DE8+DP8+EE8+EX8+FG8+FI8+FK8+FM8 -> #REF! | G8: =#REF! -> #REF! | H8: =#REF! -> #REF! | I8: =#REF! -> #REF! | J8: =#REF! -> #REF! | K8: =#REF! -> #REF! | L8: =#REF! -> #REF! | M8: =H8+J8+L8 -> #REF! | N8: =#REF! -> #REF! | O8: =#REF! -> #REF! | P8: =#REF! -> #REF! | Q8: =#REF! -> #REF! | R8: =#REF! -> #REF! | S8: =#REF! -> #REF! | T8: =O8+Q8+S8 -> #REF! | U8: =#REF! -> #REF! | V8: =#REF! -> #REF! | W8: =#REF! -> #REF! | X8: =#REF! -> #REF! | Y8: =#REF! -> #REF! | Z8: =#REF! -> #REF! | AA8: =#REF! -> #REF! | AB8: =#REF! -> #REF! | ... AP8: =#REF! -> #REF! | AQ8: =V8+X8+Z8+AB8+AD8+AF8+AH8+AJ8+AL8+AN8+AP8 -> #REF! | AR8: =#REF! -> #REF! | AS8: =#REF! -> #REF! | AT8: =#REF! -> #REF! | AU8: =#REF! -> #REF! | AV8: =#REF! -> #REF! | AW8: =#REF! -> #REF! | AX8: =#REF! -> #REF! | AY8: =#REF! -> #REF! | ... BE8: =#REF! -> #REF! | BF8: =AS8+AU8+AW8+AY8+BA8+BE8+BC8 -> #REF! | BG8: =#REF! -> #REF! | BH8: =#REF! -> #REF! | BI8: =#REF! -> #REF! | BJ8: =#REF! -> #REF! | BK8: =#REF! -> #REF! | BL8: =#REF! -> #REF! | BM8: =BH8+BJ8+BL8 -> #REF! | BN8: =#REF! -> #REF! | BO8: =#REF! -> #REF! | BP8: =AQ8+BF8+BM8+BO8 -> #REF! | BQ8: =#REF! -> #REF! | BR8: =#REF! -> #REF! | BS8: =#REF! -> #REF! | BT8: =#REF! -> #REF! | BU8: =#REF! -> #REF! | BV8: =#REF! -> #REF! | BW8: =#REF! -> #REF! | BX8: =#REF! -> #REF! | ... DD8: =#REF! -> #REF! | DE8: =CR8+CP8+CN8+CL8+CJ8+CH8+CF8+CD8+CB8+BZ8+BX8+BV8+BT8+BR8+CT8+CV8+CX8+CZ8+DB8+DD8 -> #REF! | DF8: =#REF! -> #REF! | DG8: =#REF! -> #REF! | DH8: =#REF! -> #REF! | DI8: =#REF! -> #REF! | DJ8: =#REF! -> #REF! | DK8: =#REF! -> #REF! | DL8: =#REF! -> #REF! | DM8: =#REF! -> #REF! | ... DO8: =#REF! -> #REF! | DP8: =DG8+DI8+DK8+DM8+DO8 -> #REF! | DQ8: =#REF! -> #REF! | DR8: =#REF! -> #REF! | DS8: =#REF! -> #REF! | DT8: =#REF! -> #REF! | DU8: =#REF! -> #REF! | DV8: =#REF! -> #REF! | DW8: =#REF! -> #REF! | DX8: =#REF! -> #REF! | ... ED8: =#REF! -> #REF! | EE8: =DR8+DT8+DV8+DX8+DZ8+EB8+ED8 -> #REF! | EF8: =#REF! -> #REF! | EG8: =#REF! -> #REF! | EH8: =#REF! -> #REF! | EI8: =#REF! -> #REF! | EJ8: =#REF! -> #REF! | EK8: =#REF! -> #REF! | EL8: =#REF! -> #REF! | EM8: =#REF! -> #REF! | ... EW8: =#REF! -> #REF! | EX8: =EU8+ES8+EQ8+EO8+EM8+EK8+EI8+EG8+EW8 -> #REF! | EY8: =#REF! -> #REF! | EZ8: =#REF! -> #REF! | FA8: =#REF! -> #REF! | FB8: =#REF! -> #REF! | FC8: =#REF! -> #REF! | FD8: =#REF! -> #REF! | FE8: =#REF! -> #REF! | FF8: =#REF! -> #REF! | FG8: =EZ8+FB8+FD8+FF8 -> #REF! | FH8: =#REF! -> #REF! | FI8: =#REF! -> #REF! | FJ8: =#REF! -> #REF! | FK8: =#REF! -> #REF! | FL8: =#REF! -> #REF! | FM8: =#REF! -> #REF!
A9: 2 | B9: Alitagtag | C9: =Form!C46 -> 1886 | D9: =Form!D46 -> 1110 | E9: =C9+D9 -> 2996 | F9: =M9+T9+BP9+DE9+DP9+EE9+EX9+FG9+FI9+FK9+FM9 -> #REF! | G9: =Form!H46 -> 0 | H9: =Form!I46 -> 0 | I9: =Form!J46 -> 0 | J9: =Form!K46 -> 0 | K9: =Form!L46 -> 0 | L9: =Form!M46 -> 0 | M9: =H9+J9+L9 -> 0 | N9: =Form!P46 -> 21 | O9: =Form!Q46 -> 17.05 | P9: =Form!R46 -> 435 | Q9: =Form!S46 -> 268.34 | R9: =Form!T46 -> 0 | S9: =Form!U46 -> 0 | T9: =O9+Q9+S9 -> 285.39 | U9: =Form!W46 -> 313.225 | V9: =Form!X46 -> 116.952 | W9: =Form!Y46 -> 122 | X9: =Form!Z46 -> 74.13 | Y9: =Form!AA46 -> 331 | Z9: =Form!AB46 -> 84.288 | AA9: =Form!AC46 -> 137.3 | AB9: =Form!AD46 -> 37.577 | ... AP9: =Form!AR46 -> 0.15 | AQ9: =V9+X9+Z9+AB9+AD9+AF9+AH9+AJ9+AL9+AN9+AP9 -> 503.189 | AR9: =Form!AT46 -> 272 | AS9: =Form!AU46 -> 178.1237 | AT9: =Form!#REF! -> #REF! | AU9: =Form!#REF! -> #REF! | AV9: =Form!#REF! -> #REF! | AW9: =Form!#REF! -> #REF! | AX9: =Form!#REF! -> #REF! | AY9: =Form!#REF! -> #REF! | AZ9: =Form!#REF! -> #REF! | BA9: =Form!#REF! -> #REF! | ... BE9: =Form!#REF! -> #REF! | BF9: =AS9+AU9+AW9+AY9+BA9+BE9+BC9 -> #REF! | BG9: =Form!BI46 -> 0 | BH9: =Form!BJ46 -> 0 | BI9: =Form!BK46 -> 0 | BJ9: =Form!BL46 -> 0 | BK9: =Form!#REF! -> #REF! | BL9: =Form!#REF! -> #REF! | BM9: =BH9+BJ9+BL9 -> #REF! | BN9: =Form!#REF! -> #REF! | BO9: =Form!#REF! -> #REF! | BP9: =AQ9+BF9+BM9+BO9 -> #REF! | BQ9: =Form!BO46 -> 54 | BR9: =Form!#REF! -> #REF! | BS9: =Form!#REF! -> #REF! | BT9: =Form!#REF! -> #REF! | BU9: =Form!#REF! -> #REF! | BV9: =Form!#REF! -> #REF! | BW9: =Form!#REF! -> #REF! | BX9: =Form!#REF! -> #REF! | BY9: =Form!#REF! -> #REF! | ... CH9: =Form!#REF! -> #REF! | CI9: =Form!CG46 -> 26 | CJ9: =Form!CH46 -> 12.615 | CK9: =Form!CI46 -> 71 | CL9: =Form!CJ46 -> 13.409 | CM9: =Form!CK46 -> 180.05 | CN9: =Form!CL46 -> 65.5165 | CO9: =Form!CM46 -> 0.05 | CP9: =Form!CN46 -> 0 | ... DD9: =Form!DB46 -> 0 | DE9: =CR9+CP9+CN9+CL9+CJ9+CH9+CF9+CD9+CB9+BZ9+BX9+BV9+BT9+BR9+CT9+CV9+CX9+CZ9+DB9+DD9 -> #REF! | DF9: =Form!DD46 -> 209 | DG9: =Form!DE46 -> 41.6093 | DH9: =Form!DF46 -> 5 | DI9: =Form!DG46 -> 0.82 | DJ9: =Form!DH46 -> 74 | DK9: =Form!DI46 -> 11.66 | DL9: =Form!DJ46 -> 1 | DM9: =Form!DK46 -> 10 | ... DO9: =Form!DM46 -> 85.957 | DP9: =DG9+DI9+DK9+DM9+DO9 -> 150.0463 | DQ9: =Form!DO46 -> 6 | DR9: =Form!DP46 -> 0.41 | DS9: =Form!DQ46 -> 296 | DT9: =Form!DR46 -> 88.322 | DU9: =Form!DS46 -> 2 | DV9: =Form!DT46 -> 0.1 | DW9: =Form!DU46 -> 136 | DX9: =Form!DV46 -> 21.798 | ... ED9: =Form!EB46 -> 0 | EE9: =DR9+DT9+DV9+DX9+DZ9+EB9+ED9 -> 114.18 | EF9: =Form!ED46 -> 28 | EG9: =Form!EE46 -> 6.38 | EH9: =Form!EF46 -> 8 | EI9: =Form!EG46 -> 5 | EJ9: =Form!EH46 -> 0 | EK9: =Form!EI46 -> 0 | EL9: =Form!EJ46 -> 227 | EM9: =Form!EK46 -> 34.141 | ... EW9: =Form!EU46 -> 8.785 | EX9: =EU9+ES9+EQ9+EO9+EM9+EK9+EI9+EG9+EW9 -> 258.897 | EY9: =Form!EW46 -> 13 | EZ9: =Form!EX46 -> 3.29 | FA9: =Form!EY46 -> 82 | FB9: =Form!EZ46 -> 21.362 | FC9: =Form!FA46 -> 52 | FD9: =Form!FB46 -> 11.43 | FE9: =Form!FC46 -> 1280 | FF9: =Form!FD46 -> 494.8578 | FG9: =EZ9+FB9+FD9+FF9 -> 530.9398 | FH9: =Form!FF46 -> 881.51 | FI9: =Form!FG46 -> 396.0171 | FJ9: =Form!FH46 -> 4 | FK9: =Form!FI46 -> 20 | FL9: =Form!FJ46 -> 1 | FM9: =Form!FK46 -> 1
A10: 3 | B10: Balayan | C10: =#REF! -> #REF! | D10: =#REF! -> #REF! | E10: =C10+D10 -> #REF! | F10: =M10+T10+BP10+DE10+DP10+EE10+EX10+FG10+FI10+FK10+FM10 -> #REF! | G10: =#REF! -> #REF! | H10: =#REF! -> #REF! | I10: =#REF! -> #REF! | J10: =#REF! -> #REF! | K10: =#REF! -> #REF! | L10: =#REF! -> #REF! | M10: =H10+J10+L10 -> #REF! | N10: =#REF! -> #REF! | O10: =#REF! -> #REF! | P10: =#REF! -> #REF! | Q10: =#REF! -> #REF! | R10: =#REF! -> #REF! | S10: =#REF! -> #REF! | T10: =O10+Q10+S10 -> #REF! | U10: =#REF! -> #REF! | V10: =#REF! -> #REF! | W10: =#REF! -> #REF! | X10: =#REF! -> #REF! | Y10: =#REF! -> #REF! | Z10: =#REF! -> #REF! | AA10: =#REF! -> #REF! | AB10: =#REF! -> #REF! | ... AP10: =#REF! -> #REF! | AQ10: =V10+X10+Z10+AB10+AD10+AF10+AH10+AJ10+AL10+AN10+AP10 -> #REF! | AR10: =#REF! -> #REF! | AS10: =#REF! -> #REF! | AT10: =#REF! -> #REF! | AU10: =#REF! -> #REF! | AV10: =#REF! -> #REF! | AW10: =#REF! -> #REF! | AX10: =#REF! -> #REF! | AY10: =#REF! -> #REF! | ... BE10: =#REF! -> #REF! | BF10: =AS10+AU10+AW10+AY10+BA10+BE10+BC10 -> #REF! | BG10: =#REF! -> #REF! | BH10: =#REF! -> #REF! | BI10: =#REF! -> #REF! | BJ10: =#REF! -> #REF! | BK10: =#REF! -> #REF! | BL10: =#REF! -> #REF! | BM10: =BH10+BJ10+BL10 -> #REF! | BN10: =#REF! -> #REF! | BO10: =#REF! -> #REF! | BP10: =AQ10+BF10+BM10+BO10 -> #REF! | BQ10: =#REF! -> #REF! | BR10: =#REF! -> #REF! | BS10: =#REF! -> #REF! | BT10: =#REF! -> #REF! | BU10: =#REF! -> #REF! | BV10: =#REF! -> #REF! | BW10: =#REF! -> #REF! | BX10: =#REF! -> #REF! | ... DD10: =#REF! -> #REF! | DE10: =CR10+CP10+CN10+CL10+CJ10+CH10+CF10+CD10+CB10+BZ10+BX10+BV10+BT10+BR10+CT10+CV10+CX10+CZ10+DB10+DD10 -> #REF! | DF10: =#REF! -> #REF! | DG10: =#REF! -> #REF! | DH10: =#REF! -> #REF! | DI10: =#REF! -> #REF! | DJ10: =#REF! -> #REF! | DK10: =#REF! -> #REF! | DL10: =#REF! -> #REF! | DM10: =#REF! -> #REF! | ... DO10: =#REF! -> #REF! | DP10: =DG10+DI10+DK10+DM10+DO10 -> #REF! | DQ10: =#REF! -> #REF! | DR10: =#REF! -> #REF! | DS10: =#REF! -> #REF! | DT10: =#REF! -> #REF! | DU10: =#REF! -> #REF! | DV10: =#REF! -> #REF! | DW10: =#REF! -> #REF! | DX10: =#REF! -> #REF! | ... ED10: =#REF! -> #REF! | EE10: =DR10+DT10+DV10+DX10+DZ10+EB10+ED10 -> #REF! | EF10: =#REF! -> #REF! | EG10: =#REF! -> #REF! | EH10: =#REF! -> #REF! | EI10: =#REF! -> #REF! | EJ10: =#REF! -> #REF! | EK10: =#REF! -> #REF! | EL10: =#REF! -> #REF! | EM10: =#REF! -> #REF! | ... EW10: =#REF! -> #REF! | EX10: =EU10+ES10+EQ10+EO10+EM10+EK10+EI10+EG10+EW10 -> #REF! | EY10: =#REF! -> #REF! | EZ10: =#REF! -> #REF! | FA10: =#REF! -> #REF! | FB10: =#REF! -> #REF! | FC10: =#REF! -> #REF! | FD10: =#REF! -> #REF! | FE10: =#REF! -> #REF! | FF10: =#REF! -> #REF! | FG10: =EZ10+FB10+FD10+FF10 -> #REF! | FH10: =#REF! -> #REF! | FI10: =#REF! -> #REF! | FJ10: =#REF! -> #REF! | FK10: =#REF! -> #REF! | FL10: =#REF! -> #REF! | FM10: =#REF! -> #REF!
A11: 4 | B11: Balete | C11: =#REF! -> #REF! | D11: =#REF! -> #REF! | E11: =C11+D11 -> #REF! | F11: =M11+T11+BP11+DE11+DP11+EE11+EX11+FG11+FI11+FK11+FM11 -> #REF! | G11: =#REF! -> #REF! | H11: =#REF! -> #REF! | I11: =#REF! -> #REF! | J11: =#REF! -> #REF! | K11: =#REF! -> #REF! | L11: =#REF! -> #REF! | M11: =H11+J11+L11 -> #REF! | N11: =#REF! -> #REF! | O11: =#REF! -> #REF! | P11: =#REF! -> #REF! | Q11: =#REF! -> #REF! | R11: =#REF! -> #REF! | S11: =#REF! -> #REF! | T11: =O11+Q11+S11 -> #REF! | U11: =#REF! -> #REF! | V11: =#REF! -> #REF! | W11: =#REF! -> #REF! | X11: =#REF! -> #REF! | Y11: =#REF! -> #REF! | Z11: =#REF! -> #REF! | AA11: =#REF! -> #REF! | AB11: =#REF! -> #REF! | ... AP11: =#REF! -> #REF! | AQ11: =V11+X11+Z11+AB11+AD11+AF11+AH11+AJ11+AL11+AN11+AP11 -> #REF! | AR11: =#REF! -> #REF! | AS11: =#REF! -> #REF! | AT11: =#REF! -> #REF! | AU11: =#REF! -> #REF! | AV11: =#REF! -> #REF! | AW11: =#REF! -> #REF! | AX11: =#REF! -> #REF! | AY11: =#REF! -> #REF! | ... BE11: =#REF! -> #REF! | BF11: =AS11+AU11+AW11+AY11+BA11+BE11+BC11 -> #REF! | BG11: =#REF! -> #REF! | BH11: =#REF! -> #REF! | BI11: =#REF! -> #REF! | BJ11: =#REF! -> #REF! | BK11: =#REF! -> #REF! | BL11: =#REF! -> #REF! | BM11: =BH11+BJ11+BL11 -> #REF! | BN11: =#REF! -> #REF! | BO11: =#REF! -> #REF! | BP11: =AQ11+BF11+BM11+BO11 -> #REF! | BQ11: =#REF! -> #REF! | BR11: =#REF! -> #REF! | BS11: =#REF! -> #REF! | BT11: =#REF! -> #REF! | BU11: =#REF! -> #REF! | BV11: =#REF! -> #REF! | BW11: =#REF! -> #REF! | BX11: =#REF! -> #REF! | ... DD11: =#REF! -> #REF! | DE11: =CR11+CP11+CN11+CL11+CJ11+CH11+CF11+CD11+CB11+BZ11+BX11+BV11+BT11+BR11+CT11+CV11+CX11+CZ11+DB11+DD11 -> #REF! | DF11: =#REF! -> #REF! | DG11: =#REF! -> #REF! | DH11: =#REF! -> #REF! | DI11: =#REF! -> #REF! | DJ11: =#REF! -> #REF! | DK11: =#REF! -> #REF! | DL11: =#REF! -> #REF! | DM11: =#REF! -> #REF! | ... DO11: =#REF! -> #REF! | DP11: =DG11+DI11+DK11+DM11+DO11 -> #REF! | DQ11: =#REF! -> #REF! | DR11: =#REF! -> #REF! | DS11: =#REF! -> #REF! | DT11: =#REF! -> #REF! | DU11: =#REF! -> #REF! | DV11: =#REF! -> #REF! | DW11: =#REF! -> #REF! | DX11: =#REF! -> #REF! | ... ED11: =#REF! -> #REF! | EE11: =DR11+DT11+DV11+DX11+DZ11+EB11+ED11 -> #REF! | EF11: =#REF! -> #REF! | EG11: =#REF! -> #REF! | EH11: =#REF! -> #REF! | EI11: =#REF! -> #REF! | EJ11: =#REF! -> #REF! | EK11: =#REF! -> #REF! | EL11: =#REF! -> #REF! | EM11: =#REF! -> #REF! | ... EW11: =#REF! -> #REF! | EX11: =EU11+ES11+EQ11+EO11+EM11+EK11+EI11+EG11+EW11 -> #REF! | EY11: =#REF! -> #REF! | EZ11: =#REF! -> #REF! | FA11: =#REF! -> #REF! | FB11: =#REF! -> #REF! | FC11: =#REF! -> #REF! | FD11: =#REF! -> #REF! | FE11: =#REF! -> #REF! | FF11: =#REF! -> #REF! | FG11: =EZ11+FB11+FD11+FF11 -> #REF! | FH11: =#REF! -> #REF! | FI11: =#REF! -> #REF! | FJ11: =#REF! -> #REF! | FK11: =#REF! -> #REF! | FL11: =#REF! -> #REF! | FM11: =#REF! -> #REF!
A12: 5 | B12: Batangas City - no data | E12: =C12+D12 -> 0 | F12: =M12+T12+BP12+DE12+DP12+EE12+EX12+FG12+FI12+FK12+FM12 -> 0 | M12: =H12+J12+L12 -> 0 | T12: =O12+Q12+S12 -> 0 | AQ12: =V12+X12+Z12+AB12+AD12+AF12+AH12+AJ12+AL12+AN12+AP12 -> 0 | BF12: =AS12+AU12+AW12+AY12+BA12+BE12+BC12 -> 0 | BM12: =BH12+BJ12+BL12 -> 0 | BP12: =AQ12+BF12+BM12+BO12 -> 0 | DE12: =CR12+CP12+CN12+CL12+CJ12+CH12+CF12+CD12+CB12+BZ12+BX12+BV12+BT12+BR12+CT12+CV12+CX12+CZ12+DB12+DD12 -> 0 | DP12: =DG12+DI12+DK12+DM12+DO12 -> 0 | EE12: =DR12+DT12+DV12+DX12+DZ12+EB12+ED12 -> 0 | EX12: =EU12+ES12+EQ12+EO12+EM12+EK12+EI12+EG12+EW12 -> 0 | FG12: =EZ12+FB12+FD12+FF12 -> 0
A13: 6 | B13: Bauan | C13: =#REF! -> #REF! | D13: =#REF! -> #REF! | E13: =C13+D13 -> #REF! | F13: =M13+T13+BP13+DE13+DP13+EE13+EX13+FG13+FI13+FK13+FM13 -> #REF! | G13: =#REF! -> #REF! | H13: =#REF! -> #REF! | I13: =#REF! -> #REF! | J13: =#REF! -> #REF! | K13: =#REF! -> #REF! | L13: =#REF! -> #REF! | M13: =H13+J13+L13 -> #REF! | N13: =#REF! -> #REF! | O13: =#REF! -> #REF! | P13: =#REF! -> #REF! | Q13: =#REF! -> #REF! | R13: =#REF! -> #REF! | S13: =#REF! -> #REF! | T13: =O13+Q13+S13 -> #REF! | U13: =#REF! -> #REF! | V13: =#REF! -> #REF! | W13: =#REF! -> #REF! | X13: =#REF! -> #REF! | Y13: =#REF! -> #REF! | Z13: =#REF! -> #REF! | AA13: =#REF! -> #REF! | AB13: =#REF! -> #REF! | ... AP13: =#REF! -> #REF! | AQ13: =V13+X13+Z13+AB13+AD13+AF13+AH13+AJ13+AL13+AN13+AP13 -> #REF! | AR13: =#REF! -> #REF! | AS13: =#REF! -> #REF! | AT13: =#REF! -> #REF! | AU13: =#REF! -> #REF! | AV13: =#REF! -> #REF! | AW13: =#REF! -> #REF! | AX13: =#REF! -> #REF! | AY13: =#REF! -> #REF! | ... BE13: =#REF! -> #REF! | BF13: =AS13+AU13+AW13+AY13+BA13+BE13+BC13 -> #REF! | BG13: =#REF! -> #REF! | BH13: =#REF! -> #REF! | BI13: =#REF! -> #REF! | BJ13: =#REF! -> #REF! | BK13: =#REF! -> #REF! | BL13: =#REF! -> #REF! | BM13: =BH13+BJ13+BL13 -> #REF! | BN13: =#REF! -> #REF! | BO13: =#REF! -> #REF! | BP13: =AQ13+BF13+BM13+BO13 -> #REF! | BQ13: =#REF! -> #REF! | BR13: =#REF! -> #REF! | BS13: =#REF! -> #REF! | BT13: =#REF! -> #REF! | BU13: =#REF! -> #REF! | BV13: =#REF! -> #REF! | BW13: =#REF! -> #REF! | BX13: =#REF! -> #REF! | ... DD13: =#REF! -> #REF! | DE13: =CR13+CP13+CN13+CL13+CJ13+CH13+CF13+CD13+CB13+BZ13+BX13+BV13+BT13+BR13+CT13+CV13+CX13+CZ13+DB13+DD13 -> #REF! | DF13: =#REF! -> #REF! | DG13: =#REF! -> #REF! | DH13: =#REF! -> #REF! | DI13: =#REF! -> #REF! | DJ13: =#REF! -> #REF! | DK13: =#REF! -> #REF! | DL13: =#REF! -> #REF! | DM13: =#REF! -> #REF! | ... DO13: =#REF! -> #REF! | DP13: =DG13+DI13+DK13+DM13+DO13 -> #REF! | DQ13: =#REF! -> #REF! | DR13: =#REF! -> #REF! | DS13: =#REF! -> #REF! | DT13: =#REF! -> #REF! | DU13: =#REF! -> #REF! | DV13: =#REF! -> #REF! | DW13: =#REF! -> #REF! | DX13: =#REF! -> #REF! | ... ED13: =#REF! -> #REF! | EE13: =DR13+DT13+DV13+DX13+DZ13+EB13+ED13 -> #REF! | EF13: =#REF! -> #REF! | EG13: =#REF! -> #REF! | EH13: =#REF! -> #REF! | EI13: =#REF! -> #REF! | EJ13: =#REF! -> #REF! | EK13: =#REF! -> #REF! | EL13: =#REF! -> #REF! | EM13: =#REF! -> #REF! | ... EW13: =#REF! -> #REF! | EX13: =EU13+ES13+EQ13+EO13+EM13+EK13+EI13+EG13+EW13 -> #REF! | EY13: =#REF! -> #REF! | EZ13: =#REF! -> #REF! | FA13: =#REF! -> #REF! | FB13: =#REF! -> #REF! | FC13: =#REF! -> #REF! | FD13: =#REF! -> #REF! | FE13: =#REF! -> #REF! | FF13: =#REF! -> #REF! | FG13: =EZ13+FB13+FD13+FF13 -> #REF! | FH13: =#REF! -> #REF! | FI13: =#REF! -> #REF! | FJ13: =#REF! -> #REF! | FK13: =#REF! -> #REF! | FL13: =#REF! -> #REF! | FM13: =#REF! -> #REF!
A14: 7 | B14: Calaca | C14: =#REF! -> #REF! | D14: =#REF! -> #REF! | E14: =C14+D14 -> #REF! | F14: =M14+T14+BP14+DE14+DP14+EE14+EX14+FG14+FI14+FK14+FM14 -> #REF! | G14: =#REF! -> #REF! | H14: =#REF! -> #REF! | I14: =#REF! -> #REF! | J14: =#REF! -> #REF! | K14: =#REF! -> #REF! | L14: =#REF! -> #REF! | M14: =H14+J14+L14 -> #REF! | N14: =#REF! -> #REF! | O14: =#REF! -> #REF! | P14: =#REF! -> #REF! | Q14: =#REF! -> #REF! | R14: =#REF! -> #REF! | S14: =#REF! -> #REF! | T14: =O14+Q14+S14 -> #REF! | U14: =#REF! -> #REF! | V14: =#REF! -> #REF! | W14: =#REF! -> #REF! | X14: =#REF! -> #REF! | Y14: =#REF! -> #REF! | Z14: =#REF! -> #REF! | AA14: =#REF! -> #REF! | AB14: =#REF! -> #REF! | ... AP14: =#REF! -> #REF! | AQ14: =V14+X14+Z14+AB14+AD14+AF14+AH14+AJ14+AL14+AN14+AP14 -> #REF! | AR14: =#REF! -> #REF! | AS14: =#REF! -> #REF! | AT14: =#REF! -> #REF! | AU14: =#REF! -> #REF! | AV14: =#REF! -> #REF! | AW14: =#REF! -> #REF! | AX14: =#REF! -> #REF! | AY14: =#REF! -> #REF! | ... BE14: =#REF! -> #REF! | BF14: =AS14+AU14+AW14+AY14+BA14+BE14+BC14 -> #REF! | BG14: =#REF! -> #REF! | BH14: =#REF! -> #REF! | BI14: =#REF! -> #REF! | BJ14: =#REF! -> #REF! | BK14: =#REF! -> #REF! | BL14: =#REF! -> #REF! | BM14: =BH14+BJ14+BL14 -> #REF! | BN14: =#REF! -> #REF! | BO14: =#REF! -> #REF! | BP14: =AQ14+BF14+BM14+BO14 -> #REF! | BQ14: =#REF! -> #REF! | BR14: =#REF! -> #REF! | BS14: =#REF! -> #REF! | BT14: =#REF! -> #REF! | BU14: =#REF! -> #REF! | BV14: =#REF! -> #REF! | BW14: =#REF! -> #REF! | BX14: =#REF! -> #REF! | ... DD14: =#REF! -> #REF! | DE14: =CR14+CP14+CN14+CL14+CJ14+CH14+CF14+CD14+CB14+BZ14+BX14+BV14+BT14+BR14+CT14+CV14+CX14+CZ14+DB14+DD14 -> #REF! | DF14: =#REF! -> #REF! | DG14: =#REF! -> #REF! | DH14: =#REF! -> #REF! | DI14: =#REF! -> #REF! | DJ14: =#REF! -> #REF! | DK14: =#REF! -> #REF! | DL14: =#REF! -> #REF! | DM14: =#REF! -> #REF! | ... DO14: =#REF! -> #REF! | DP14: =DG14+DI14+DK14+DM14+DO14 -> #REF! | DQ14: =#REF! -> #REF! | DR14: =#REF! -> #REF! | DS14: =#REF! -> #REF! | DT14: =#REF! -> #REF! | DU14: =#REF! -> #REF! | DV14: =#REF! -> #REF! | DW14: =#REF! -> #REF! | DX14: =#REF! -> #REF! | ... ED14: =#REF! -> #REF! | EE14: =DR14+DT14+DV14+DX14+DZ14+EB14+ED14 -> #REF! | EF14: =#REF! -> #REF! | EG14: =#REF! -> #REF! | EH14: =#REF! -> #REF! | EI14: =#REF! -> #REF! | EJ14: =#REF! -> #REF! | EK14: =#REF! -> #REF! | EL14: =#REF! -> #REF! | EM14: =#REF! -> #REF! | ... EW14: =#REF! -> #REF! | EX14: =EU14+ES14+EQ14+EO14+EM14+EK14+EI14+EG14+EW14 -> #REF! | EY14: =#REF! -> #REF! | EZ14: =#REF! -> #REF! | FA14: =#REF! -> #REF! | FB14: =#REF! -> #REF! | FC14: =#REF! -> #REF! | FD14: =#REF! -> #REF! | FE14: =#REF! -> #REF! | FF14: =#REF! -> #REF! | FG14: =EZ14+FB14+FD14+FF14 -> #REF! | FH14: =#REF! -> #REF! | FI14: =#REF! -> #REF! | FJ14: =#REF! -> #REF! | FK14: =#REF! -> #REF! | FL14: =#REF! -> #REF! | FM14: =#REF! -> #REF!
A15: 8 | B15: Calatagan | C15: =#REF! -> #REF! | D15: =#REF! -> #REF! | E15: =C15+D15 -> #REF! | F15: =M15+T15+BP15+DE15+DP15+EE15+EX15+FG15+FI15+FK15+FM15 -> #REF! | G15: =#REF! -> #REF! | H15: =#REF! -> #REF! | I15: =#REF! -> #REF! | J15: =#REF! -> #REF! | K15: =#REF! -> #REF! | L15: =#REF! -> #REF! | M15: =H15+J15+L15 -> #REF! | N15: =#REF! -> #REF! | O15: =#REF! -> #REF! | P15: =#REF! -> #REF! | Q15: =#REF! -> #REF! | R15: =#REF! -> #REF! | S15: =#REF! -> #REF! | T15: =O15+Q15+S15 -> #REF! | U15: =#REF! -> #REF! | V15: =#REF! -> #REF! | W15: =#REF! -> #REF! | X15: =#REF! -> #REF! | Y15: =#REF! -> #REF! | Z15: =#REF! -> #REF! | AA15: =#REF! -> #REF! | AB15: =#REF! -> #REF! | ... AP15: =#REF! -> #REF! | AQ15: =V15+X15+Z15+AB15+AD15+AF15+AH15+AJ15+AL15+AN15+AP15 -> #REF! | AR15: =#REF! -> #REF! | AS15: =#REF! -> #REF! | AT15: =#REF! -> #REF! | AU15: =#REF! -> #REF! | AV15: =#REF! -> #REF! | AW15: =#REF! -> #REF! | AX15: =#REF! -> #REF! | AY15: =#REF! -> #REF! | ... BE15: =#REF! -> #REF! | BF15: =AS15+AU15+AW15+AY15+BA15+BE15+BC15 -> #REF! | BG15: =#REF! -> #REF! | BH15: =#REF! -> #REF! | BI15: =#REF! -> #REF! | BJ15: =#REF! -> #REF! | BK15: =#REF! -> #REF! | BL15: =#REF! -> #REF! | BM15: =BH15+BJ15+BL15 -> #REF! | BN15: =#REF! -> #REF! | BO15: =#REF! -> #REF! | BP15: =AQ15+BF15+BM15+BO15 -> #REF! | BQ15: =#REF! -> #REF! | BR15: =#REF! -> #REF! | BS15: =#REF! -> #REF! | BT15: =#REF! -> #REF! | BU15: =#REF! -> #REF! | BV15: =#REF! -> #REF! | BW15: =#REF! -> #REF! | BX15: =#REF! -> #REF! | ... DD15: =#REF! -> #REF! | DE15: =CR15+CP15+CN15+CL15+CJ15+CH15+CF15+CD15+CB15+BZ15+BX15+BV15+BT15+BR15+CT15+CV15+CX15+CZ15+DB15+DD15 -> #REF! | DF15: =#REF! -> #REF! | DG15: =#REF! -> #REF! | DH15: =#REF! -> #REF! | DI15: =#REF! -> #REF! | DJ15: =#REF! -> #REF! | DK15: =#REF! -> #REF! | DL15: =#REF! -> #REF! | DM15: =#REF! -> #REF! | ... DO15: =#REF! -> #REF! | DP15: =DG15+DI15+DK15+DM15+DO15 -> #REF! | DQ15: =#REF! -> #REF! | DR15: =#REF! -> #REF! | DS15: =#REF! -> #REF! | DT15: =#REF! -> #REF! | DU15: =#REF! -> #REF! | DV15: =#REF! -> #REF! | DW15: =#REF! -> #REF! | DX15: =#REF! -> #REF! | ... ED15: =#REF! -> #REF! | EE15: =DR15+DT15+DV15+DX15+DZ15+EB15+ED15 -> #REF! | EF15: =#REF! -> #REF! | EG15: =#REF! -> #REF! | EH15: =#REF! -> #REF! | EI15: =#REF! -> #REF! | EJ15: =#REF! -> #REF! | EK15: =#REF! -> #REF! | EL15: =#REF! -> #REF! | EM15: =#REF! -> #REF! | ... EW15: =#REF! -> #REF! | EX15: =EU15+ES15+EQ15+EO15+EM15+EK15+EI15+EG15+EW15 -> #REF! | EY15: =#REF! -> #REF! | EZ15: =#REF! -> #REF! | FA15: =#REF! -> #REF! | FB15: =#REF! -> #REF! | FC15: =#REF! -> #REF! | FD15: =#REF! -> #REF! | FE15: =#REF! -> #REF! | FF15: =#REF! -> #REF! | FG15: =EZ15+FB15+FD15+FF15 -> #REF! | FH15: =#REF! -> #REF! | FI15: =#REF! -> #REF! | FJ15: =#REF! -> #REF! | FK15: =#REF! -> #REF! | FL15: =#REF! -> #REF! | FM15: =#REF! -> #REF!
A16: 9 | B16: Cuenca | C16: =#REF! -> #REF! | D16: =#REF! -> #REF! | E16: =C16+D16 -> #REF! | F16: =M16+T16+BP16+DE16+DP16+EE16+EX16+FG16+FI16+FK16+FM16 -> #REF! | G16: =#REF! -> #REF! | H16: =#REF! -> #REF! | I16: =#REF! -> #REF! | J16: =#REF! -> #REF! | K16: =#REF! -> #REF! | L16: =#REF! -> #REF! | M16: =H16+J16+L16 -> #REF! | N16: =#REF! -> #REF! | O16: =#REF! -> #REF! | P16: =#REF! -> #REF! | Q16: =#REF! -> #REF! | R16: =#REF! -> #REF! | S16: =#REF! -> #REF! | T16: =O16+Q16+S16 -> #REF! | U16: =#REF! -> #REF! | V16: =#REF! -> #REF! | W16: =#REF! -> #REF! | X16: =#REF! -> #REF! | Y16: =#REF! -> #REF! | Z16: =#REF! -> #REF! | AA16: =#REF! -> #REF! | AB16: =#REF! -> #REF! | ... AP16: =#REF! -> #REF! | AQ16: =V16+X16+Z16+AB16+AD16+AF16+AH16+AJ16+AL16+AN16+AP16 -> #REF! | AR16: =#REF! -> #REF! | AS16: =#REF! -> #REF! | AT16: =#REF! -> #REF! | AU16: =#REF! -> #REF! | AV16: =#REF! -> #REF! | AW16: =#REF! -> #REF! | AX16: =#REF! -> #REF! | AY16: =#REF! -> #REF! | ... BE16: =#REF! -> #REF! | BF16: =AS16+AU16+AW16+AY16+BA16+BE16+BC16 -> #REF! | BG16: =#REF! -> #REF! | BH16: =#REF! -> #REF! | BI16: =#REF! -> #REF! | BJ16: =#REF! -> #REF! | BK16: =#REF! -> #REF! | BL16: =#REF! -> #REF! | BM16: =BH16+BJ16+BL16 -> #REF! | BN16: =#REF! -> #REF! | BO16: =#REF! -> #REF! | BP16: =AQ16+BF16+BM16+BO16 -> #REF! | BQ16: =#REF! -> #REF! | BR16: =#REF! -> #REF! | BS16: =#REF! -> #REF! | BT16: =#REF! -> #REF! | BU16: =#REF! -> #REF! | BV16: =#REF! -> #REF! | BW16: =#REF! -> #REF! | BX16: =#REF! -> #REF! | ... DD16: =#REF! -> #REF! | DE16: =CR16+CP16+CN16+CL16+CJ16+CH16+CF16+CD16+CB16+BZ16+BX16+BV16+BT16+BR16+CT16+CV16+CX16+CZ16+DB16+DD16 -> #REF! | DF16: =#REF! -> #REF! | DG16: =#REF! -> #REF! | DH16: =#REF! -> #REF! | DI16: =#REF! -> #REF! | DJ16: =#REF! -> #REF! | DK16: =#REF! -> #REF! | DL16: =#REF! -> #REF! | DM16: =#REF! -> #REF! | ... DO16: =#REF! -> #REF! | DP16: =DG16+DI16+DK16+DM16+DO16 -> #REF! | DQ16: =#REF! -> #REF! | DR16: =#REF! -> #REF! | DS16: =#REF! -> #REF! | DT16: =#REF! -> #REF! | DU16: =#REF! -> #REF! | DV16: =#REF! -> #REF! | DW16: =#REF! -> #REF! | DX16: =#REF! -> #REF! | ... ED16: =#REF! -> #REF! | EE16: =DR16+DT16+DV16+DX16+DZ16+EB16+ED16 -> #REF! | EF16: =#REF! -> #REF! | EG16: =#REF! -> #REF! | EH16: =#REF! -> #REF! | EI16: =#REF! -> #REF! | EJ16: =#REF! -> #REF! | EK16: =#REF! -> #REF! | EL16: =#REF! -> #REF! | EM16: =#REF! -> #REF! | ... EW16: =#REF! -> #REF! | EX16: =EU16+ES16+EQ16+EO16+EM16+EK16+EI16+EG16+EW16 -> #REF! | EY16: =#REF! -> #REF! | EZ16: =#REF! -> #REF! | FA16: =#REF! -> #REF! | FB16: =#REF! -> #REF! | FC16: =#REF! -> #REF! | FD16: =#REF! -> #REF! | FE16: =#REF! -> #REF! | FF16: =#REF! -> #REF! | FG16: =EZ16+FB16+FD16+FF16 -> #REF! | FH16: 613 | FI16: 840 | FK16: 117 | FM16: =#REF! -> #REF!
A17: 10 | B17: Ibaan | C17: =#REF! -> #REF! | D17: =#REF! -> #REF! | E17: =C17+D17 -> #REF! | F17: =M17+T17+BP17+DE17+DP17+EE17+EX17+FG17+FI17+FK17+FM17 -> #REF! | G17: =#REF! -> #REF! | H17: =#REF! -> #REF! | I17: =#REF! -> #REF! | J17: =#REF! -> #REF! | K17: =#REF! -> #REF! | L17: =#REF! -> #REF! | M17: =H17+J17+L17 -> #REF! | N17: =#REF! -> #REF! | O17: =#REF! -> #REF! | P17: =#REF! -> #REF! | Q17: =#REF! -> #REF! | R17: =#REF! -> #REF! | S17: =#REF! -> #REF! | T17: =O17+Q17+S17 -> #REF! | U17: =#REF! -> #REF! | V17: =#REF! -> #REF! | W17: =#REF! -> #REF! | X17: =#REF! -> #REF! | Y17: =#REF! -> #REF! | Z17: =#REF! -> #REF! | AA17: =#REF! -> #REF! | AB17: =#REF! -> #REF! | ... AP17: =#REF! -> #REF! | AQ17: =V17+X17+Z17+AB17+AD17+AF17+AH17+AJ17+AL17+AN17+AP17 -> #REF! | AR17: =#REF! -> #REF! | AS17: =#REF! -> #REF! | AT17: =#REF! -> #REF! | AU17: =#REF! -> #REF! | AV17: =#REF! -> #REF! | AW17: =#REF! -> #REF! | AX17: =#REF! -> #REF! | AY17: =#REF! -> #REF! | ... BE17: =#REF! -> #REF! | BF17: =AS17+AU17+AW17+AY17+BA17+BE17+BC17 -> #REF! | BG17: =#REF! -> #REF! | BH17: =#REF! -> #REF! | BI17: =#REF! -> #REF! | BJ17: =#REF! -> #REF! | BK17: =#REF! -> #REF! | BL17: =#REF! -> #REF! | BM17: =BH17+BJ17+BL17 -> #REF! | BN17: =#REF! -> #REF! | BO17: =#REF! -> #REF! | BP17: =AQ17+BF17+BM17+BO17 -> #REF! | BQ17: =#REF! -> #REF! | BR17: =#REF! -> #REF! | BS17: =#REF! -> #REF! | BT17: =#REF! -> #REF! | BU17: =#REF! -> #REF! | BV17: =#REF! -> #REF! | BW17: =#REF! -> #REF! | BX17: =#REF! -> #REF! | ... DD17: =#REF! -> #REF! | DE17: =CR17+CP17+CN17+CL17+CJ17+CH17+CF17+CD17+CB17+BZ17+BX17+BV17+BT17+BR17+CT17+CV17+CX17+CZ17+DB17+DD17 -> #REF! | DF17: =#REF! -> #REF! | DG17: =#REF! -> #REF! | DH17: =#REF! -> #REF! | DI17: =#REF! -> #REF! | DJ17: =#REF! -> #REF! | DK17: =#REF! -> #REF! | DL17: =#REF! -> #REF! | DM17: =#REF! -> #REF! | ... DO17: =#REF! -> #REF! | DP17: =DG17+DI17+DK17+DM17+DO17 -> #REF! | DQ17: =#REF! -> #REF! | DR17: =#REF! -> #REF! | DS17: =#REF! -> #REF! | DT17: =#REF! -> #REF! | DU17: =#REF! -> #REF! | DV17: =#REF! -> #REF! | DW17: =#REF! -> #REF! | DX17: =#REF! -> #REF! | ... ED17: =#REF! -> #REF! | EE17: =DR17+DT17+DV17+DX17+DZ17+EB17+ED17 -> #REF! | EF17: =#REF! -> #REF! | EG17: =#REF! -> #REF! | EH17: =#REF! -> #REF! | EI17: =#REF! -> #REF! | EJ17: =#REF! -> #REF! | EK17: =#REF! -> #REF! | EL17: =#REF! -> #REF! | EM17: =#REF! -> #REF! | ... EW17: =#REF! -> #REF! | EX17: =EU17+ES17+EQ17+EO17+EM17+EK17+EI17+EG17+EW17 -> #REF! | EY17: =#REF! -> #REF! | EZ17: =#REF! -> #REF! | FA17: =#REF! -> #REF! | FB17: =#REF! -> #REF! | FC17: =#REF! -> #REF! | FD17: =#REF! -> #REF! | FE17: =#REF! -> #REF! | FF17: =#REF! -> #REF! | FG17: =EZ17+FB17+FD17+FF17 -> #REF! | FH17: =#REF! -> #REF! | FI17: =#REF! -> #REF! | FJ17: =#REF! -> #REF! | FK17: =#REF! -> #REF! | FL17: =#REF! -> #REF! | FM17: =#REF! -> #REF!
A18: 11 | B18: Laurel | C18: =#REF! -> #REF! | D18: =#REF! -> #REF! | E18: =C18+D18 -> #REF! | F18: =M18+T18+BP18+DE18+DP18+EE18+EX18+FG18+FI18+FK18+FM18 -> #REF! | G18: =#REF! -> #REF! | H18: =#REF! -> #REF! | I18: =#REF! -> #REF! | J18: =#REF! -> #REF! | K18: =#REF! -> #REF! | L18: =#REF! -> #REF! | M18: =H18+J18+L18 -> #REF! | N18: =#REF! -> #REF! | O18: =#REF! -> #REF! | P18: =#REF! -> #REF! | Q18: =#REF! -> #REF! | R18: =#REF! -> #REF! | S18: =#REF! -> #REF! | T18: =O18+Q18+S18 -> #REF! | U18: =#REF! -> #REF! | V18: =#REF! -> #REF! | W18: =#REF! -> #REF! | X18: =#REF! -> #REF! | Y18: =#REF! -> #REF! | Z18: =#REF! -> #REF! | AA18: =#REF! -> #REF! | AB18: =#REF! -> #REF! | ... AP18: =#REF! -> #REF! | AQ18: =V18+X18+Z18+AB18+AD18+AF18+AH18+AJ18+AL18+AN18+AP18 -> #REF! | AR18: =#REF! -> #REF! | AS18: =#REF! -> #REF! | AT18: =#REF! -> #REF! | AU18: =#REF! -> #REF! | AV18: =#REF! -> #REF! | AW18: =#REF! -> #REF! | AX18: =#REF! -> #REF! | AY18: =#REF! -> #REF! | ... BE18: =#REF! -> #REF! | BF18: =AS18+AU18+AW18+AY18+BA18+BE18+BC18 -> #REF! | BG18: =#REF! -> #REF! | BH18: =#REF! -> #REF! | BI18: =#REF! -> #REF! | BJ18: =#REF! -> #REF! | BK18: =#REF! -> #REF! | BL18: =#REF! -> #REF! | BM18: =BH18+BJ18+BL18 -> #REF! | BN18: =#REF! -> #REF! | BO18: =#REF! -> #REF! | BP18: =AQ18+BF18+BM18+BO18 -> #REF! | BQ18: =#REF! -> #REF! | BR18: =#REF! -> #REF! | BS18: =#REF! -> #REF! | BT18: =#REF! -> #REF! | BU18: =#REF! -> #REF! | BV18: =#REF! -> #REF! | BW18: =#REF! -> #REF! | BX18: =#REF! -> #REF! | ... DD18: =#REF! -> #REF! | DE18: =CR18+CP18+CN18+CL18+CJ18+CH18+CF18+CD18+CB18+BZ18+BX18+BV18+BT18+BR18+CT18+CV18+CX18+CZ18+DB18+DD18 -> #REF! | DF18: =#REF! -> #REF! | DG18: =#REF! -> #REF! | DH18: =#REF! -> #REF! | DI18: =#REF! -> #REF! | DJ18: =#REF! -> #REF! | DK18: =#REF! -> #REF! | DL18: =#REF! -> #REF! | DM18: =#REF! -> #REF! | ... DO18: =#REF! -> #REF! | DP18: =DG18+DI18+DK18+DM18+DO18 -> #REF! | DQ18: =#REF! -> #REF! | DR18: =#REF! -> #REF! | DS18: =#REF! -> #REF! | DT18: =#REF! -> #REF! | DU18: =#REF! -> #REF! | DV18: =#REF! -> #REF! | DW18: =#REF! -> #REF! | DX18: =#REF! -> #REF! | ... ED18: =#REF! -> #REF! | EE18: =DR18+DT18+DV18+DX18+DZ18+EB18+ED18 -> #REF! | EF18: =#REF! -> #REF! | EG18: =#REF! -> #REF! | EH18: =#REF! -> #REF! | EI18: =#REF! -> #REF! | EJ18: =#REF! -> #REF! | EK18: =#REF! -> #REF! | EL18: =#REF! -> #REF! | EM18: =#REF! -> #REF! | ... EW18: =#REF! -> #REF! | EX18: =EU18+ES18+EQ18+EO18+EM18+EK18+EI18+EG18+EW18 -> #REF! | EY18: =#REF! -> #REF! | EZ18: =#REF! -> #REF! | FA18: =#REF! -> #REF! | FB18: =#REF! -> #REF! | FC18: =#REF! -> #REF! | FD18: =#REF! -> #REF! | FE18: =#REF! -> #REF! | FF18: =#REF! -> #REF! | FG18: =EZ18+FB18+FD18+FF18 -> #REF! | FH18: =#REF! -> #REF! | FI18: =#REF! -> #REF! | FJ18: =#REF! -> #REF! | FK18: =#REF! -> #REF! | FL18: =#REF! -> #REF! | FM18: =#REF! -> #REF!
A19: 12 | B19: Lemery | C19: =#REF! -> #REF! | D19: =#REF! -> #REF! | E19: =C19+D19 -> #REF! | F19: =M19+T19+BP19+DE19+DP19+EE19+EX19+FG19+FI19+FK19+FM19 -> #REF! | G19: =#REF! -> #REF! | H19: =#REF! -> #REF! | I19: =#REF! -> #REF! | J19: =#REF! -> #REF! | K19: =#REF! -> #REF! | L19: =#REF! -> #REF! | M19: =H19+J19+L19 -> #REF! | N19: =#REF! -> #REF! | O19: =#REF! -> #REF! | P19: =#REF! -> #REF! | Q19: =#REF! -> #REF! | R19: =#REF! -> #REF! | S19: =#REF! -> #REF! | T19: =O19+Q19+S19 -> #REF! | U19: =#REF! -> #REF! | V19: =#REF! -> #REF! | W19: =#REF! -> #REF! | X19: =#REF! -> #REF! | Y19: =#REF! -> #REF! | Z19: =#REF! -> #REF! | AA19: =#REF! -> #REF! | AB19: =#REF! -> #REF! | ... AP19: =#REF! -> #REF! | AQ19: =V19+X19+Z19+AB19+AD19+AF19+AH19+AJ19+AL19+AN19+AP19 -> #REF! | AR19: =#REF! -> #REF! | AS19: =#REF! -> #REF! | AT19: =#REF! -> #REF! | AU19: =#REF! -> #REF! | AV19: =#REF! -> #REF! | AW19: =#REF! -> #REF! | AX19: =#REF! -> #REF! | AY19: =#REF! -> #REF! | ... BE19: =#REF! -> #REF! | BF19: =AS19+AU19+AW19+AY19+BA19+BE19+BC19 -> #REF! | BG19: =#REF! -> #REF! | BH19: =#REF! -> #REF! | BI19: =#REF! -> #REF! | BJ19: =#REF! -> #REF! | BK19: =#REF! -> #REF! | BL19: =#REF! -> #REF! | BM19: =BH19+BJ19+BL19 -> #REF! | BN19: =#REF! -> #REF! | BO19: =#REF! -> #REF! | BP19: =AQ19+BF19+BM19+BO19 -> #REF! | BQ19: =#REF! -> #REF! | BR19: =#REF! -> #REF! | BS19: =#REF! -> #REF! | BT19: =#REF! -> #REF! | BU19: =#REF! -> #REF! | BV19: =#REF! -> #REF! | BW19: =#REF! -> #REF! | BX19: =#REF! -> #REF! | ... DD19: =#REF! -> #REF! | DE19: =CR19+CP19+CN19+CL19+CJ19+CH19+CF19+CD19+CB19+BZ19+BX19+BV19+BT19+BR19+CT19+CV19+CX19+CZ19+DB19+DD19 -> #REF! | DF19: =#REF! -> #REF! | DG19: =#REF! -> #REF! | DH19: =#REF! -> #REF! | DI19: =#REF! -> #REF! | DJ19: =#REF! -> #REF! | DK19: =#REF! -> #REF! | DL19: =#REF! -> #REF! | DM19: =#REF! -> #REF! | ... DO19: =#REF! -> #REF! | DP19: =DG19+DI19+DK19+DM19+DO19 -> #REF! | DQ19: =#REF! -> #REF! | DR19: =#REF! -> #REF! | DS19: =#REF! -> #REF! | DT19: =#REF! -> #REF! | DU19: =#REF! -> #REF! | DV19: =#REF! -> #REF! | DW19: =#REF! -> #REF! | DX19: =#REF! -> #REF! | ... ED19: =#REF! -> #REF! | EE19: =DR19+DT19+DV19+DX19+DZ19+EB19+ED19 -> #REF! | EF19: =#REF! -> #REF! | EG19: =#REF! -> #REF! | EH19: =#REF! -> #REF! | EI19: =#REF! -> #REF! | EJ19: =#REF! -> #REF! | EK19: =#REF! -> #REF! | EL19: =#REF! -> #REF! | EM19: =#REF! -> #REF! | ... EW19: =#REF! -> #REF! | EX19: =EU19+ES19+EQ19+EO19+EM19+EK19+EI19+EG19+EW19 -> #REF! | EY19: =#REF! -> #REF! | EZ19: =#REF! -> #REF! | FA19: =#REF! -> #REF! | FB19: =#REF! -> #REF! | FC19: =#REF! -> #REF! | FD19: =#REF! -> #REF! | FE19: =#REF! -> #REF! | FF19: =#REF! -> #REF! | FG19: =EZ19+FB19+FD19+FF19 -> #REF! | FH19: =#REF! -> #REF! | FI19: =#REF! -> #REF! | FJ19: =#REF! -> #REF! | FK19: =#REF! -> #REF! | FL19: =#REF! -> #REF! | FM19: =#REF! -> #REF!
A20: 13 | B20: Lian | C20: =#REF! -> #REF! | D20: =#REF! -> #REF! | E20: =C20+D20 -> #REF! | F20: =M20+T20+BP20+DE20+DP20+EE20+EX20+FG20+FI20+FK20+FM20 -> #REF! | G20: =#REF! -> #REF! | H20: =#REF! -> #REF! | I20: =#REF! -> #REF! | J20: =#REF! -> #REF! | K20: =#REF! -> #REF! | L20: =#REF! -> #REF! | M20: =H20+J20+L20 -> #REF! | N20: =#REF! -> #REF! | O20: =#REF! -> #REF! | P20: =#REF! -> #REF! | Q20: =#REF! -> #REF! | R20: =#REF! -> #REF! | S20: =#REF! -> #REF! | T20: =O20+Q20+S20 -> #REF! | U20: =#REF! -> #REF! | V20: =#REF! -> #REF! | W20: =#REF! -> #REF! | X20: =#REF! -> #REF! | Y20: =#REF! -> #REF! | Z20: =#REF! -> #REF! | AA20: =#REF! -> #REF! | AB20: =#REF! -> #REF! | ... AP20: =#REF! -> #REF! | AQ20: =V20+X20+Z20+AB20+AD20+AF20+AH20+AJ20+AL20+AN20+AP20 -> #REF! | AR20: =#REF! -> #REF! | AS20: =#REF! -> #REF! | AT20: =#REF! -> #REF! | AU20: =#REF! -> #REF! | AV20: =#REF! -> #REF! | AW20: =#REF! -> #REF! | AX20: =#REF! -> #REF! | AY20: =#REF! -> #REF! | ... BE20: =#REF! -> #REF! | BF20: =AS20+AU20+AW20+AY20+BA20+BE20+BC20 -> #REF! | BG20: =#REF! -> #REF! | BH20: =#REF! -> #REF! | BI20: =#REF! -> #REF! | BJ20: =#REF! -> #REF! | BK20: =#REF! -> #REF! | BL20: =#REF! -> #REF! | BM20: =BH20+BJ20+BL20 -> #REF! | BN20: =#REF! -> #REF! | BO20: =#REF! -> #REF! | BP20: =AQ20+BF20+BM20+BO20 -> #REF! | BQ20: =#REF! -> #REF! | BR20: =#REF! -> #REF! | BS20: =#REF! -> #REF! | BT20: =#REF! -> #REF! | BU20: =#REF! -> #REF! | BV20: =#REF! -> #REF! | BW20: =#REF! -> #REF! | BX20: =#REF! -> #REF! | ... DD20: =#REF! -> #REF! | DE20: =CR20+CP20+CN20+CL20+CJ20+CH20+CF20+CD20+CB20+BZ20+BX20+BV20+BT20+BR20+CT20+CV20+CX20+CZ20+DB20+DD20 -> #REF! | DF20: =#REF! -> #REF! | DG20: =#REF! -> #REF! | DH20: =#REF! -> #REF! | DI20: =#REF! -> #REF! | DJ20: =#REF! -> #REF! | DK20: =#REF! -> #REF! | DL20: =#REF! -> #REF! | DM20: =#REF! -> #REF! | ... DO20: =#REF! -> #REF! | DP20: =DG20+DI20+DK20+DM20+DO20 -> #REF! | DQ20: =#REF! -> #REF! | DR20: =#REF! -> #REF! | DS20: =#REF! -> #REF! | DT20: =#REF! -> #REF! | DU20: =#REF! -> #REF! | DV20: =#REF! -> #REF! | DW20: =#REF! -> #REF! | DX20: =#REF! -> #REF! | ... ED20: =#REF! -> #REF! | EE20: =DR20+DT20+DV20+DX20+DZ20+EB20+ED20 -> #REF! | EF20: =#REF! -> #REF! | EG20: =#REF! -> #REF! | EH20: =#REF! -> #REF! | EI20: =#REF! -> #REF! | EJ20: =#REF! -> #REF! | EK20: =#REF! -> #REF! | EL20: =#REF! -> #REF! | EM20: =#REF! -> #REF! | ... EW20: =#REF! -> #REF! | EX20: =EU20+ES20+EQ20+EO20+EM20+EK20+EI20+EG20+EW20 -> #REF! | EY20: =#REF! -> #REF! | EZ20: =#REF! -> #REF! | FA20: =#REF! -> #REF! | FB20: =#REF! -> #REF! | FC20: =#REF! -> #REF! | FD20: =#REF! -> #REF! | FE20: =#REF! -> #REF! | FF20: =#REF! -> #REF! | FG20: =EZ20+FB20+FD20+FF20 -> #REF! | FH20: =#REF! -> #REF! | FI20: =#REF! -> #REF! | FJ20: =#REF! -> #REF! | FK20: =#REF! -> #REF! | FL20: =#REF! -> #REF! | FM20: =#REF! -> #REF!
A21: 14 | B21: Lipa City | C21: =#REF! -> #REF! | E21: =C21+D21 -> #REF! | F21: =M21+T21+BP21+DE21+DP21+EE21+EX21+FG21+FI21+FK21+FM21 -> #REF! | G21: =#REF! -> #REF! | H21: =#REF! -> #REF! | I21: =#REF! -> #REF! | J21: =#REF! -> #REF! | K21: =#REF! -> #REF! | L21: =#REF! -> #REF! | M21: =H21+J21+L21 -> #REF! | N21: =#REF! -> #REF! | O21: =#REF! -> #REF! | P21: =#REF! -> #REF! | Q21: =#REF! -> #REF! | R21: =#REF! -> #REF! | S21: =#REF! -> #REF! | T21: =O21+Q21+S21 -> #REF! | U21: =#REF! -> #REF! | V21: =#REF! -> #REF! | W21: =#REF! -> #REF! | X21: =#REF! -> #REF! | Y21: =#REF! -> #REF! | Z21: =#REF! -> #REF! | AA21: =#REF! -> #REF! | AB21: =#REF! -> #REF! | ... AP21: =#REF! -> #REF! | AQ21: =V21+X21+Z21+AB21+AD21+AF21+AH21+AJ21+AL21+AN21+AP21 -> #REF! | AR21: =#REF! -> #REF! | AS21: =#REF! -> #REF! | AT21: =#REF! -> #REF! | AU21: =#REF! -> #REF! | AV21: =#REF! -> #REF! | AW21: =#REF! -> #REF! | AX21: =#REF! -> #REF! | AY21: =#REF! -> #REF! | ... BE21: =#REF! -> #REF! | BF21: =AS21+AU21+AW21+AY21+BA21+BE21+BC21 -> #REF! | BG21: =#REF! -> #REF! | BH21: =#REF! -> #REF! | BI21: =#REF! -> #REF! | BJ21: =#REF! -> #REF! | BK21: =#REF! -> #REF! | BL21: =#REF! -> #REF! | BM21: =BH21+BJ21+BL21 -> #REF! | BN21: =#REF! -> #REF! | BO21: =#REF! -> #REF! | BP21: =AQ21+BF21+BM21+BO21 -> #REF! | BQ21: =#REF! -> #REF! | BR21: =#REF! -> #REF! | BS21: =#REF! -> #REF! | BT21: =#REF! -> #REF! | BU21: =#REF! -> #REF! | BV21: =#REF! -> #REF! | BW21: =#REF! -> #REF! | BX21: =#REF! -> #REF! | ... DD21: =#REF! -> #REF! | DE21: =CR21+CP21+CN21+CL21+CJ21+CH21+CF21+CD21+CB21+BZ21+BX21+BV21+BT21+BR21+CT21+CV21+CX21+CZ21+DB21+DD21 -> #REF! | DF21: =#REF! -> #REF! | DG21: =#REF! -> #REF! | DH21: =#REF! -> #REF! | DI21: =#REF! -> #REF! | DJ21: =#REF! -> #REF! | DK21: =#REF! -> #REF! | DL21: =#REF! -> #REF! | DM21: =#REF! -> #REF! | ... DO21: =#REF! -> #REF! | DP21: =DG21+DI21+DK21+DM21+DO21 -> #REF! | DQ21: =#REF! -> #REF! | DR21: =#REF! -> #REF! | DS21: =#REF! -> #REF! | DT21: =#REF! -> #REF! | DU21: =#REF! -> #REF! | DV21: =#REF! -> #REF! | DW21: =#REF! -> #REF! | DX21: =#REF! -> #REF! | ... ED21: =#REF! -> #REF! | EE21: =DR21+DT21+DV21+DX21+DZ21+EB21+ED21 -> #REF! | EF21: =#REF! -> #REF! | EG21: =#REF! -> #REF! | EH21: =#REF! -> #REF! | EI21: =#REF! -> #REF! | EJ21: =#REF! -> #REF! | EK21: =#REF! -> #REF! | EL21: =#REF! -> #REF! | EM21: =#REF! -> #REF! | ... EW21: =#REF! -> #REF! | EX21: =EU21+ES21+EQ21+EO21+EM21+EK21+EI21+EG21+EW21 -> #REF! | EY21: =#REF! -> #REF! | EZ21: =#REF! -> #REF! | FA21: =#REF! -> #REF! | FB21: =#REF! -> #REF! | FC21: =#REF! -> #REF! | FD21: =#REF! -> #REF! | FE21: =#REF! -> #REF! | FF21: =#REF! -> #REF! | FG21: =EZ21+FB21+FD21+FF21 -> #REF! | FH21: =#REF! -> #REF! | FI21: =#REF! -> #REF! | FJ21: =#REF! -> #REF! | FK21: =#REF! -> #REF! | FL21: =#REF! -> #REF! | FM21: =#REF! -> #REF!
A22: 15 | B22: Lobo - no data | E22: =C22+D22 -> 0 | F22: =M22+T22+BP22+DE22+DP22+EE22+EX22+FG22+FI22+FK22+FM22 -> 0 | M22: =H22+J22+L22 -> 0 | T22: =O22+Q22+S22 -> 0 | AQ22: =V22+X22+Z22+AB22+AD22+AF22+AH22+AJ22+AL22+AN22+AP22 -> 0 | BF22: =AS22+AU22+AW22+AY22+BA22+BE22+BC22 -> 0 | BM22: =BH22+BJ22+BL22 -> 0 | BP22: =AQ22+BF22+BM22+BO22 -> 0 | DE22: =CR22+CP22+CN22+CL22+CJ22+CH22+CF22+CD22+CB22+BZ22+BX22+BV22+BT22+BR22+CT22+CV22+CX22+CZ22+DB22+DD22 -> 0 | DP22: =DG22+DI22+DK22+DM22+DO22 -> 0 | EE22: =DR22+DT22+DV22+DX22+DZ22+EB22+ED22 -> 0 | EX22: =EU22+ES22+EQ22+EO22+EM22+EK22+EI22+EG22+EW22 -> 0 | FG22: =EZ22+FB22+FD22+FF22 -> 0
A23: 16 | B23: Mabini | C23: =#REF! -> #REF! | D23: =#REF! -> #REF! | E23: =C23+D23 -> #REF! | F23: =M23+T23+BP23+DE23+DP23+EE23+EX23+FG23+FI23+FK23+FM23 -> #REF! | G23: =#REF! -> #REF! | H23: =#REF! -> #REF! | I23: =#REF! -> #REF! | J23: =#REF! -> #REF! | K23: =#REF! -> #REF! | L23: =#REF! -> #REF! | M23: =H23+J23+L23 -> #REF! | N23: =#REF! -> #REF! | O23: =#REF! -> #REF! | P23: =#REF! -> #REF! | Q23: =#REF! -> #REF! | R23: =#REF! -> #REF! | S23: =#REF! -> #REF! | T23: =O23+Q23+S23 -> #REF! | U23: =#REF! -> #REF! | V23: =#REF! -> #REF! | W23: =#REF! -> #REF! | X23: =#REF! -> #REF! | Y23: =#REF! -> #REF! | Z23: =#REF! -> #REF! | AA23: =#REF! -> #REF! | AB23: =#REF! -> #REF! | ... AP23: =#REF! -> #REF! | AQ23: =V23+X23+Z23+AB23+AD23+AF23+AH23+AJ23+AL23+AN23+AP23 -> #REF! | AR23: =#REF! -> #REF! | AS23: =#REF! -> #REF! | AT23: =#REF! -> #REF! | AU23: =#REF! -> #REF! | AV23: =#REF! -> #REF! | AW23: =#REF! -> #REF! | AX23: =#REF! -> #REF! | AY23: =#REF! -> #REF! | ... BE23: =#REF! -> #REF! | BF23: =AS23+AU23+AW23+AY23+BA23+BE23+BC23 -> #REF! | BG23: =#REF! -> #REF! | BH23: =#REF! -> #REF! | BI23: =#REF! -> #REF! | BJ23: =#REF! -> #REF! | BK23: =#REF! -> #REF! | BL23: =#REF! -> #REF! | BM23: =BH23+BJ23+BL23 -> #REF! | BN23: =#REF! -> #REF! | BO23: =#REF! -> #REF! | BP23: =AQ23+BF23+BM23+BO23 -> #REF! | BQ23: =#REF! -> #REF! | BR23: =#REF! -> #REF! | BS23: =#REF! -> #REF! | BT23: =#REF! -> #REF! | BU23: =#REF! -> #REF! | BV23: =#REF! -> #REF! | BW23: =#REF! -> #REF! | BX23: =#REF! -> #REF! | ... DD23: =#REF! -> #REF! | DE23: =CR23+CP23+CN23+CL23+CJ23+CH23+CF23+CD23+CB23+BZ23+BX23+BV23+BT23+BR23+CT23+CV23+CX23+CZ23+DB23+DD23 -> #REF! | DF23: =#REF! -> #REF! | DG23: =#REF! -> #REF! | DH23: =#REF! -> #REF! | DI23: =#REF! -> #REF! | DJ23: =#REF! -> #REF! | DK23: =#REF! -> #REF! | DL23: =#REF! -> #REF! | DM23: =#REF! -> #REF! | ... DO23: =#REF! -> #REF! | DP23: =DG23+DI23+DK23+DM23+DO23 -> #REF! | DQ23: =#REF! -> #REF! | DR23: =#REF! -> #REF! | DS23: =#REF! -> #REF! | DT23: =#REF! -> #REF! | DU23: =#REF! -> #REF! | DV23: =#REF! -> #REF! | DW23: =#REF! -> #REF! | DX23: =#REF! -> #REF! | ... ED23: =#REF! -> #REF! | EE23: =DR23+DT23+DV23+DX23+DZ23+EB23+ED23 -> #REF! | EF23: =#REF! -> #REF! | EG23: =#REF! -> #REF! | EH23: =#REF! -> #REF! | EI23: =#REF! -> #REF! | EJ23: =#REF! -> #REF! | EK23: =#REF! -> #REF! | EL23: =#REF! -> #REF! | EM23: =#REF! -> #REF! | ... EW23: =#REF! -> #REF! | EX23: =EU23+ES23+EQ23+EO23+EM23+EK23+EI23+EG23+EW23 -> #REF! | EY23: =#REF! -> #REF! | EZ23: =#REF! -> #REF! | FA23: =#REF! -> #REF! | FB23: =#REF! -> #REF! | FC23: =#REF! -> #REF! | FD23: =#REF! -> #REF! | FE23: =#REF! -> #REF! | FF23: =#REF! -> #REF! | FG23: =EZ23+FB23+FD23+FF23 -> #REF! | FH23: =#REF! -> #REF! | FI23: =#REF! -> #REF! | FJ23: =#REF! -> #REF! | FK23: =#REF! -> #REF! | FL23: =#REF! -> #REF! | FM23: =#REF! -> #REF!
A24: 17 | B24: Malvar | C24: =#REF! -> #REF! | D24: =#REF! -> #REF! | E24: =C24+D24 -> #REF! | F24: =M24+T24+BP24+DE24+DP24+EE24+EX24+FG24+FI24+FK24+FM24 -> #REF! | G24: =#REF! -> #REF! | H24: =#REF! -> #REF! | I24: =#REF! -> #REF! | J24: =#REF! -> #REF! | K24: =#REF! -> #REF! | L24: =#REF! -> #REF! | M24: =H24+J24+L24 -> #REF! | N24: =#REF! -> #REF! | O24: =#REF! -> #REF! | P24: =#REF! -> #REF! | Q24: =#REF! -> #REF! | R24: =#REF! -> #REF! | S24: =#REF! -> #REF! | T24: =O24+Q24+S24 -> #REF! | U24: =#REF! -> #REF! | V24: =#REF! -> #REF! | W24: =#REF! -> #REF! | X24: =#REF! -> #REF! | Y24: =#REF! -> #REF! | Z24: =#REF! -> #REF! | AA24: =#REF! -> #REF! | AB24: =#REF! -> #REF! | ... AP24: =#REF! -> #REF! | AQ24: =V24+X24+Z24+AB24+AD24+AF24+AH24+AJ24+AL24+AN24+AP24 -> #REF! | AR24: =#REF! -> #REF! | AS24: =#REF! -> #REF! | AT24: =#REF! -> #REF! | AU24: =#REF! -> #REF! | AV24: =#REF! -> #REF! | AW24: =#REF! -> #REF! | AX24: =#REF! -> #REF! | AY24: =#REF! -> #REF! | ... BE24: =#REF! -> #REF! | BF24: =AS24+AU24+AW24+AY24+BA24+BE24+BC24 -> #REF! | BG24: =#REF! -> #REF! | BH24: =#REF! -> #REF! | BI24: =#REF! -> #REF! | BJ24: =#REF! -> #REF! | BK24: =#REF! -> #REF! | BL24: =#REF! -> #REF! | BM24: =BH24+BJ24+BL24 -> #REF! | BN24: =#REF! -> #REF! | BO24: =#REF! -> #REF! | BP24: =AQ24+BF24+BM24+BO24 -> #REF! | BQ24: =#REF! -> #REF! | BR24: =#REF! -> #REF! | BS24: =#REF! -> #REF! | BT24: =#REF! -> #REF! | BU24: =#REF! -> #REF! | BV24: =#REF! -> #REF! | BW24: =#REF! -> #REF! | BX24: =#REF! -> #REF! | ... DD24: =#REF! -> #REF! | DE24: =CR24+CP24+CN24+CL24+CJ24+CH24+CF24+CD24+CB24+BZ24+BX24+BV24+BT24+BR24+CT24+CV24+CX24+CZ24+DB24+DD24 -> #REF! | DF24: =#REF! -> #REF! | DG24: =#REF! -> #REF! | DH24: =#REF! -> #REF! | DI24: =#REF! -> #REF! | DJ24: =#REF! -> #REF! | DK24: =#REF! -> #REF! | DL24: =#REF! -> #REF! | DM24: =#REF! -> #REF! | ... DO24: =#REF! -> #REF! | DP24: =DG24+DI24+DK24+DM24+DO24 -> #REF! | DQ24: =#REF! -> #REF! | DR24: =#REF! -> #REF! | DS24: =#REF! -> #REF! | DT24: =#REF! -> #REF! | DU24: =#REF! -> #REF! | DV24: =#REF! -> #REF! | DW24: =#REF! -> #REF! | DX24: =#REF! -> #REF! | ... ED24: =#REF! -> #REF! | EE24: =DR24+DT24+DV24+DX24+DZ24+EB24+ED24 -> #REF! | EF24: =#REF! -> #REF! | EG24: =#REF! -> #REF! | EH24: =#REF! -> #REF! | EI24: =#REF! -> #REF! | EJ24: =#REF! -> #REF! | EK24: =#REF! -> #REF! | EL24: =#REF! -> #REF! | EM24: =#REF! -> #REF! | ... EW24: =#REF! -> #REF! | EX24: =EU24+ES24+EQ24+EO24+EM24+EK24+EI24+EG24+EW24 -> #REF! | EY24: =#REF! -> #REF! | EZ24: =#REF! -> #REF! | FA24: =#REF! -> #REF! | FB24: =#REF! -> #REF! | FC24: =#REF! -> #REF! | FD24: =#REF! -> #REF! | FE24: =#REF! -> #REF! | FF24: =#REF! -> #REF! | FG24: =EZ24+FB24+FD24+FF24 -> #REF! | FH24: =#REF! -> #REF! | FI24: =#REF! -> #REF! | FJ24: =#REF! -> #REF! | FK24: =#REF! -> #REF! | FL24: =#REF! -> #REF! | FM24: =#REF! -> #REF!
A25: 18 | B25: Mataas na Kahoy | C25: =#REF! -> #REF! | D25: =#REF! -> #REF! | E25: =C25+D25 -> #REF! | F25: =M25+T25+BP25+DE25+DP25+EE25+EX25+FG25+FI25+FK25+FM25 -> #REF! | G25: =#REF! -> #REF! | H25: =#REF! -> #REF! | I25: =#REF! -> #REF! | J25: =#REF! -> #REF! | K25: =#REF! -> #REF! | L25: =#REF! -> #REF! | M25: =H25+J25+L25 -> #REF! | N25: =#REF! -> #REF! | O25: =#REF! -> #REF! | P25: =#REF! -> #REF! | Q25: =#REF! -> #REF! | R25: =#REF! -> #REF! | S25: =#REF! -> #REF! | T25: =O25+Q25+S25 -> #REF! | U25: =#REF! -> #REF! | V25: =#REF! -> #REF! | W25: =#REF! -> #REF! | X25: =#REF! -> #REF! | Y25: =#REF! -> #REF! | Z25: =#REF! -> #REF! | AA25: =#REF! -> #REF! | AB25: =#REF! -> #REF! | ... AP25: =#REF! -> #REF! | AQ25: =V25+X25+Z25+AB25+AD25+AF25+AH25+AJ25+AL25+AN25+AP25 -> #REF! | AR25: =#REF! -> #REF! | AS25: =#REF! -> #REF! | AT25: =#REF! -> #REF! | AU25: =#REF! -> #REF! | AV25: =#REF! -> #REF! | AW25: =#REF! -> #REF! | AX25: =#REF! -> #REF! | AY25: =#REF! -> #REF! | ... BE25: =#REF! -> #REF! | BF25: =AS25+AU25+AW25+AY25+BA25+BE25+BC25 -> #REF! | BG25: =#REF! -> #REF! | BH25: =#REF! -> #REF! | BI25: =#REF! -> #REF! | BJ25: =#REF! -> #REF! | BK25: =#REF! -> #REF! | BL25: =#REF! -> #REF! | BM25: =BH25+BJ25+BL25 -> #REF! | BN25: =#REF! -> #REF! | BO25: =#REF! -> #REF! | BP25: =AQ25+BF25+BM25+BO25 -> #REF! | BQ25: =#REF! -> #REF! | BR25: =#REF! -> #REF! | BS25: =#REF! -> #REF! | BT25: =#REF! -> #REF! | BU25: =#REF! -> #REF! | BV25: =#REF! -> #REF! | BW25: =#REF! -> #REF! | BX25: =#REF! -> #REF! | ... DD25: =#REF! -> #REF! | DE25: =CR25+CP25+CN25+CL25+CJ25+CH25+CF25+CD25+CB25+BZ25+BX25+BV25+BT25+BR25+CT25+CV25+CX25+CZ25+DB25+DD25 -> #REF! | DF25: =#REF! -> #REF! | DG25: =#REF! -> #REF! | DH25: =#REF! -> #REF! | DI25: =#REF! -> #REF! | DJ25: =#REF! -> #REF! | DK25: =#REF! -> #REF! | DL25: =#REF! -> #REF! | DM25: =#REF! -> #REF! | ... DO25: =#REF! -> #REF! | DP25: =DG25+DI25+DK25+DM25+DO25 -> #REF! | DQ25: =#REF! -> #REF! | DR25: =#REF! -> #REF! | DS25: =#REF! -> #REF! | DT25: =#REF! -> #REF! | DU25: =#REF! -> #REF! | DV25: =#REF! -> #REF! | DW25: =#REF! -> #REF! | DX25: =#REF! -> #REF! | ... ED25: =#REF! -> #REF! | EE25: =DR25+DT25+DV25+DX25+DZ25+EB25+ED25 -> #REF! | EF25: =#REF! -> #REF! | EG25: =#REF! -> #REF! | EH25: =#REF! -> #REF! | EI25: =#REF! -> #REF! | EJ25: =#REF! -> #REF! | EK25: =#REF! -> #REF! | EL25: =#REF! -> #REF! | EM25: =#REF! -> #REF! | ... EW25: =#REF! -> #REF! | EX25: =EU25+ES25+EQ25+EO25+EM25+EK25+EI25+EG25+EW25 -> #REF! | EY25: =#REF! -> #REF! | EZ25: =#REF! -> #REF! | FA25: =#REF! -> #REF! | FB25: =#REF! -> #REF! | FC25: =#REF! -> #REF! | FD25: =#REF! -> #REF! | FE25: =#REF! -> #REF! | FF25: =#REF! -> #REF! | FG25: =EZ25+FB25+FD25+FF25 -> #REF! | FH25: =#REF! -> #REF! | FI25: =#REF! -> #REF! | FJ25: =#REF! -> #REF! | FK25: =#REF! -> #REF! | FL25: =#REF! -> #REF! | FM25: =#REF! -> #REF!
A26: 19 | B26: Nasugbu | C26: =#REF! -> #REF! | D26: =#REF! -> #REF! | E26: =C26+D26 -> #REF! | F26: =M26+T26+BP26+DE26+DP26+EE26+EX26+FG26+FI26+FK26+FM26 -> #REF! | G26: =#REF! -> #REF! | H26: =#REF! -> #REF! | I26: =#REF! -> #REF! | J26: =#REF! -> #REF! | K26: =#REF! -> #REF! | L26: =#REF! -> #REF! | M26: =H26+J26+L26 -> #REF! | N26: =#REF! -> #REF! | O26: =#REF! -> #REF! | P26: =#REF! -> #REF! | Q26: =#REF! -> #REF! | R26: =#REF! -> #REF! | S26: =#REF! -> #REF! | T26: =O26+Q26+S26 -> #REF! | U26: =#REF! -> #REF! | V26: =#REF! -> #REF! | W26: =#REF! -> #REF! | X26: =#REF! -> #REF! | Y26: =#REF! -> #REF! | Z26: =#REF! -> #REF! | AA26: =#REF! -> #REF! | AB26: =#REF! -> #REF! | ... AP26: =#REF! -> #REF! | AQ26: =V26+X26+Z26+AB26+AD26+AF26+AH26+AJ26+AL26+AN26+AP26 -> #REF! | AR26: =#REF! -> #REF! | AS26: =#REF! -> #REF! | AT26: =#REF! -> #REF! | AU26: =#REF! -> #REF! | AV26: =#REF! -> #REF! | AW26: =#REF! -> #REF! | AX26: =#REF! -> #REF! | AY26: =#REF! -> #REF! | ... BE26: =#REF! -> #REF! | BF26: =AS26+AU26+AW26+AY26+BA26+BE26+BC26 -> #REF! | BG26: =#REF! -> #REF! | BH26: =#REF! -> #REF! | BI26: =#REF! -> #REF! | BJ26: =#REF! -> #REF! | BK26: =#REF! -> #REF! | BL26: =#REF! -> #REF! | BM26: =BH26+BJ26+BL26 -> #REF! | BN26: =#REF! -> #REF! | BO26: =#REF! -> #REF! | BP26: =AQ26+BF26+BM26+BO26 -> #REF! | BQ26: =#REF! -> #REF! | BR26: =#REF! -> #REF! | BS26: =#REF! -> #REF! | BT26: =#REF! -> #REF! | BU26: =#REF! -> #REF! | BV26: =#REF! -> #REF! | BW26: =#REF! -> #REF! | BX26: =#REF! -> #REF! | ... DD26: =#REF! -> #REF! | DE26: =CR26+CP26+CN26+CL26+CJ26+CH26+CF26+CD26+CB26+BZ26+BX26+BV26+BT26+BR26+CT26+CV26+CX26+CZ26+DB26+DD26 -> #REF! | DF26: =#REF! -> #REF! | DG26: =#REF! -> #REF! | DH26: =#REF! -> #REF! | DI26: =#REF! -> #REF! | DJ26: =#REF! -> #REF! | DK26: =#REF! -> #REF! | DL26: =#REF! -> #REF! | DM26: =#REF! -> #REF! | ... DO26: =#REF! -> #REF! | DP26: =DG26+DI26+DK26+DM26+DO26 -> #REF! | DQ26: =#REF! -> #REF! | DR26: =#REF! -> #REF! | DS26: =#REF! -> #REF! | DT26: =#REF! -> #REF! | DU26: =#REF! -> #REF! | DV26: =#REF! -> #REF! | DW26: =#REF! -> #REF! | DX26: =#REF! -> #REF! | ... ED26: =#REF! -> #REF! | EE26: =DR26+DT26+DV26+DX26+DZ26+EB26+ED26 -> #REF! | EF26: =#REF! -> #REF! | EG26: =#REF! -> #REF! | EH26: =#REF! -> #REF! | EI26: =#REF! -> #REF! | EJ26: =#REF! -> #REF! | EK26: =#REF! -> #REF! | EL26: =#REF! -> #REF! | EM26: =#REF! -> #REF! | ... EW26: =#REF! -> #REF! | EX26: =EU26+ES26+EQ26+EO26+EM26+EK26+EI26+EG26+EW26 -> #REF! | EY26: =#REF! -> #REF! | EZ26: =#REF! -> #REF! | FA26: =#REF! -> #REF! | FB26: =#REF! -> #REF! | FC26: =#REF! -> #REF! | FD26: =#REF! -> #REF! | FE26: =#REF! -> #REF! | FF26: =#REF! -> #REF! | FG26: =EZ26+FB26+FD26+FF26 -> #REF! | FH26: =#REF! -> #REF! | FI26: =#REF! -> #REF! | FJ26: =#REF! -> #REF! | FK26: =#REF! -> #REF! | FL26: =#REF! -> #REF! | FM26: =#REF! -> #REF!
A27: 20 | B27: Padre Garcia | C27: =#REF! -> #REF! | D27: =#REF! -> #REF! | E27: =C27+D27 -> #REF! | F27: =M27+T27+BP27+DE27+DP27+EE27+EX27+FG27+FI27+FK27+FM27 -> #REF! | G27: =#REF! -> #REF! | H27: =#REF! -> #REF! | I27: =#REF! -> #REF! | J27: =#REF! -> #REF! | K27: =#REF! -> #REF! | L27: =#REF! -> #REF! | M27: =H27+J27+L27 -> #REF! | N27: =#REF! -> #REF! | O27: =#REF! -> #REF! | P27: =#REF! -> #REF! | Q27: =#REF! -> #REF! | R27: =#REF! -> #REF! | S27: =#REF! -> #REF! | T27: =O27+Q27+S27 -> #REF! | U27: =#REF! -> #REF! | V27: =#REF! -> #REF! | W27: =#REF! -> #REF! | X27: =#REF! -> #REF! | Y27: =#REF! -> #REF! | Z27: =#REF! -> #REF! | AA27: =#REF! -> #REF! | AB27: =#REF! -> #REF! | ... AP27: =#REF! -> #REF! | AQ27: =V27+X27+Z27+AB27+AD27+AF27+AH27+AJ27+AL27+AN27+AP27 -> #REF! | AR27: =#REF! -> #REF! | AS27: =#REF! -> #REF! | AT27: =#REF! -> #REF! | AU27: =#REF! -> #REF! | AV27: =#REF! -> #REF! | AW27: =#REF! -> #REF! | AX27: =#REF! -> #REF! | AY27: =#REF! -> #REF! | ... BE27: =#REF! -> #REF! | BF27: =AS27+AU27+AW27+AY27+BA27+BE27+BC27 -> #REF! | BG27: =#REF! -> #REF! | BH27: =#REF! -> #REF! | BI27: =#REF! -> #REF! | BJ27: =#REF! -> #REF! | BK27: =#REF! -> #REF! | BL27: =#REF! -> #REF! | BM27: =BH27+BJ27+BL27 -> #REF! | BN27: =#REF! -> #REF! | BO27: =#REF! -> #REF! | BP27: =AQ27+BF27+BM27+BO27 -> #REF! | BQ27: =#REF! -> #REF! | BR27: =#REF! -> #REF! | BS27: =#REF! -> #REF! | BT27: =#REF! -> #REF! | BU27: =#REF! -> #REF! | BV27: =#REF! -> #REF! | BW27: =#REF! -> #REF! | BX27: =#REF! -> #REF! | ... DD27: =#REF! -> #REF! | DE27: =CR27+CP27+CN27+CL27+CJ27+CH27+CF27+CD27+CB27+BZ27+BX27+BV27+BT27+BR27+CT27+CV27+CX27+CZ27+DB27+DD27 -> #REF! | DF27: =#REF! -> #REF! | DG27: =#REF! -> #REF! | DH27: =#REF! -> #REF! | DI27: =#REF! -> #REF! | DJ27: =#REF! -> #REF! | DK27: =#REF! -> #REF! | DL27: =#REF! -> #REF! | DM27: =#REF! -> #REF! | ... DO27: =#REF! -> #REF! | DP27: =DG27+DI27+DK27+DM27+DO27 -> #REF! | DQ27: =#REF! -> #REF! | DR27: =#REF! -> #REF! | DS27: =#REF! -> #REF! | DT27: =#REF! -> #REF! | DU27: =#REF! -> #REF! | DV27: =#REF! -> #REF! | DW27: =#REF! -> #REF! | DX27: =#REF! -> #REF! | ... ED27: =#REF! -> #REF! | EE27: =DR27+DT27+DV27+DX27+DZ27+EB27+ED27 -> #REF! | EF27: =#REF! -> #REF! | EG27: =#REF! -> #REF! | EH27: =#REF! -> #REF! | EI27: =#REF! -> #REF! | EJ27: =#REF! -> #REF! | EK27: =#REF! -> #REF! | EL27: =#REF! -> #REF! | EM27: =#REF! -> #REF! | ... EW27: =#REF! -> #REF! | EX27: =EU27+ES27+EQ27+EO27+EM27+EK27+EI27+EG27+EW27 -> #REF! | EY27: =#REF! -> #REF! | EZ27: =#REF! -> #REF! | FA27: =#REF! -> #REF! | FB27: =#REF! -> #REF! | FC27: =#REF! -> #REF! | FD27: =#REF! -> #REF! | FE27: =#REF! -> #REF! | FF27: =#REF! -> #REF! | FG27: =EZ27+FB27+FD27+FF27 -> #REF! | FH27: =#REF! -> #REF! | FI27: =#REF! -> #REF! | FJ27: =#REF! -> #REF! | FK27: =#REF! -> #REF! | FL27: =#REF! -> #REF! | FM27: =#REF! -> #REF!
A28: 21 | B28: Rosario | C28: =#REF! -> #REF! | D28: =#REF! -> #REF! | E28: =C28+D28 -> #REF! | F28: =M28+T28+BP28+DE28+DP28+EE28+EX28+FG28+FI28+FK28+FM28 -> #REF! | G28: =#REF! -> #REF! | H28: =#REF! -> #REF! | I28: =#REF! -> #REF! | J28: =#REF! -> #REF! | K28: =#REF! -> #REF! | L28: =#REF! -> #REF! | M28: =H28+J28+L28 -> #REF! | N28: =#REF! -> #REF! | O28: =#REF! -> #REF! | P28: =#REF! -> #REF! | Q28: =#REF! -> #REF! | R28: =#REF! -> #REF! | S28: =#REF! -> #REF! | T28: =O28+Q28+S28 -> #REF! | U28: =#REF! -> #REF! | V28: =#REF! -> #REF! | W28: =#REF! -> #REF! | X28: =#REF! -> #REF! | Y28: =#REF! -> #REF! | Z28: =#REF! -> #REF! | AA28: =#REF! -> #REF! | AB28: =#REF! -> #REF! | ... AP28: =#REF! -> #REF! | AQ28: =V28+X28+Z28+AB28+AD28+AF28+AH28+AJ28+AL28+AN28+AP28 -> #REF! | AR28: =#REF! -> #REF! | AS28: =#REF! -> #REF! | AT28: =#REF! -> #REF! | AU28: =#REF! -> #REF! | AV28: =#REF! -> #REF! | AW28: =#REF! -> #REF! | AX28: =#REF! -> #REF! | AY28: =#REF! -> #REF! | ... BE28: =#REF! -> #REF! | BF28: =AS28+AU28+AW28+AY28+BA28+BE28+BC28 -> #REF! | BG28: =#REF! -> #REF! | BH28: =#REF! -> #REF! | BI28: =#REF! -> #REF! | BJ28: =#REF! -> #REF! | BK28: =#REF! -> #REF! | BL28: =#REF! -> #REF! | BM28: =BH28+BJ28+BL28 -> #REF! | BN28: =#REF! -> #REF! | BO28: =#REF! -> #REF! | BP28: =AQ28+BF28+BM28+BO28 -> #REF! | BQ28: =#REF! -> #REF! | BR28: =#REF! -> #REF! | BS28: =#REF! -> #REF! | BT28: =#REF! -> #REF! | BU28: =#REF! -> #REF! | BV28: =#REF! -> #REF! | BW28: =#REF! -> #REF! | BX28: =#REF! -> #REF! | ... DD28: =#REF! -> #REF! | DE28: =CR28+CP28+CN28+CL28+CJ28+CH28+CF28+CD28+CB28+BZ28+BX28+BV28+BT28+BR28+CT28+CV28+CX28+CZ28+DB28+DD28 -> #REF! | DF28: =#REF! -> #REF! | DG28: =#REF! -> #REF! | DH28: =#REF! -> #REF! | DI28: =#REF! -> #REF! | DJ28: =#REF! -> #REF! | DK28: =#REF! -> #REF! | DL28: =#REF! -> #REF! | DM28: =#REF! -> #REF! | ... DO28: =#REF! -> #REF! | DP28: =DG28+DI28+DK28+DM28+DO28 -> #REF! | DQ28: =#REF! -> #REF! | DR28: =#REF! -> #REF! | DS28: =#REF! -> #REF! | DT28: =#REF! -> #REF! | DU28: =#REF! -> #REF! | DV28: =#REF! -> #REF! | DW28: =#REF! -> #REF! | DX28: =#REF! -> #REF! | ... ED28: =#REF! -> #REF! | EE28: =DR28+DT28+DV28+DX28+DZ28+EB28+ED28 -> #REF! | EF28: =#REF! -> #REF! | EG28: =#REF! -> #REF! | EH28: =#REF! -> #REF! | EI28: =#REF! -> #REF! | EJ28: =#REF! -> #REF! | EK28: =#REF! -> #REF! | EL28: =#REF! -> #REF! | EM28: =#REF! -> #REF! | ... EW28: =#REF! -> #REF! | EX28: =EU28+ES28+EQ28+EO28+EM28+EK28+EI28+EG28+EW28 -> #REF! | EY28: =#REF! -> #REF! | EZ28: =#REF! -> #REF! | FA28: =#REF! -> #REF! | FB28: =#REF! -> #REF! | FC28: =#REF! -> #REF! | FD28: =#REF! -> #REF! | FE28: =#REF! -> #REF! | FF28: =#REF! -> #REF! | FG28: =EZ28+FB28+FD28+FF28 -> #REF! | FH28: =#REF! -> #REF! | FI28: =#REF! -> #REF! | FJ28: =#REF! -> #REF! | FK28: =#REF! -> #REF! | FL28: =#REF! -> #REF! | FM28: =#REF! -> #REF!
A29: 22 | B29: San Jose | C29: =#REF! -> #REF! | D29: =#REF! -> #REF! | E29: =C29+D29 -> #REF! | F29: =M29+T29+BP29+DE29+DP29+EE29+EX29+FG29+FI29+FK29+FM29 -> #REF! | G29: =#REF! -> #REF! | H29: =#REF! -> #REF! | I29: =#REF! -> #REF! | J29: =#REF! -> #REF! | K29: =#REF! -> #REF! | L29: =#REF! -> #REF! | M29: =H29+J29+L29 -> #REF! | N29: =#REF! -> #REF! | O29: =#REF! -> #REF! | P29: =#REF! -> #REF! | Q29: =#REF! -> #REF! | R29: =#REF! -> #REF! | S29: =#REF! -> #REF! | T29: =O29+Q29+S29 -> #REF! | U29: =#REF! -> #REF! | V29: =#REF! -> #REF! | W29: =#REF! -> #REF! | X29: =#REF! -> #REF! | Y29: =#REF! -> #REF! | Z29: =#REF! -> #REF! | AA29: =#REF! -> #REF! | AB29: =#REF! -> #REF! | ... AP29: =#REF! -> #REF! | AQ29: =V29+X29+Z29+AB29+AD29+AF29+AH29+AJ29+AL29+AN29+AP29 -> #REF! | AR29: =#REF! -> #REF! | AS29: =#REF! -> #REF! | AT29: =#REF! -> #REF! | AU29: =#REF! -> #REF! | AV29: =#REF! -> #REF! | AW29: =#REF! -> #REF! | AX29: =#REF! -> #REF! | AY29: =#REF! -> #REF! | ... BE29: =#REF! -> #REF! | BF29: =AS29+AU29+AW29+AY29+BA29+BE29+BC29 -> #REF! | BG29: =#REF! -> #REF! | BH29: =#REF! -> #REF! | BI29: =#REF! -> #REF! | BJ29: =#REF! -> #REF! | BK29: =#REF! -> #REF! | BL29: =#REF! -> #REF! | BM29: =BH29+BJ29+BL29 -> #REF! | BN29: =#REF! -> #REF! | BO29: =#REF! -> #REF! | BP29: =AQ29+BF29+BM29+BO29 -> #REF! | BQ29: =#REF! -> #REF! | BR29: =#REF! -> #REF! | BS29: =#REF! -> #REF! | BT29: =#REF! -> #REF! | BU29: =#REF! -> #REF! | BV29: =#REF! -> #REF! | BW29: =#REF! -> #REF! | BX29: =#REF! -> #REF! | ... DD29: =#REF! -> #REF! | DE29: =CR29+CP29+CN29+CL29+CJ29+CH29+CF29+CD29+CB29+BZ29+BX29+BV29+BT29+BR29+CT29+CV29+CX29+CZ29+DB29+DD29 -> #REF! | DF29: =#REF! -> #REF! | DG29: =#REF! -> #REF! | DH29: =#REF! -> #REF! | DI29: =#REF! -> #REF! | DJ29: =#REF! -> #REF! | DK29: =#REF! -> #REF! | DL29: =#REF! -> #REF! | DM29: =#REF! -> #REF! | ... DO29: =#REF! -> #REF! | DP29: =DG29+DI29+DK29+DM29+DO29 -> #REF! | DQ29: =#REF! -> #REF! | DR29: =#REF! -> #REF! | DS29: =#REF! -> #REF! | DT29: =#REF! -> #REF! | DU29: =#REF! -> #REF! | DV29: =#REF! -> #REF! | DW29: =#REF! -> #REF! | DX29: =#REF! -> #REF! | ... ED29: =#REF! -> #REF! | EE29: =DR29+DT29+DV29+DX29+DZ29+EB29+ED29 -> #REF! | EF29: =#REF! -> #REF! | EG29: =#REF! -> #REF! | EH29: =#REF! -> #REF! | EI29: =#REF! -> #REF! | EJ29: =#REF! -> #REF! | EK29: =#REF! -> #REF! | EL29: =#REF! -> #REF! | EM29: =#REF! -> #REF! | ... EW29: =#REF! -> #REF! | EX29: =EU29+ES29+EQ29+EO29+EM29+EK29+EI29+EG29+EW29 -> #REF! | EY29: =#REF! -> #REF! | EZ29: =#REF! -> #REF! | FA29: =#REF! -> #REF! | FB29: =#REF! -> #REF! | FC29: =#REF! -> #REF! | FD29: =#REF! -> #REF! | FE29: =#REF! -> #REF! | FF29: =#REF! -> #REF! | FG29: =EZ29+FB29+FD29+FF29 -> #REF! | FH29: =#REF! -> #REF! | FI29: =#REF! -> #REF! | FJ29: =#REF! -> #REF! | FK29: =#REF! -> #REF! | FL29: =#REF! -> #REF! | FM29: =#REF! -> #REF!
A30: 23 | B30: San Juan - no data | E30: =C30+D30 -> 0 | F30: =M30+T30+BP30+DE30+DP30+EE30+EX30+FG30+FI30+FK30+FM30 -> 0 | M30: =H30+J30+L30 -> 0 | T30: =O30+Q30+S30 -> 0 | AQ30: =V30+X30+Z30+AB30+AD30+AF30+AH30+AJ30+AL30+AN30+AP30 -> 0 | BF30: =AS30+AU30+AW30+AY30+BA30+BE30+BC30 -> 0 | BM30: =BH30+BJ30+BL30 -> 0 | BP30: =AQ30+BF30+BM30+BO30 -> 0 | DE30: =CR30+CP30+CN30+CL30+CJ30+CH30+CF30+CD30+CB30+BZ30+BX30+BV30+BT30+BR30+CT30+CV30+CX30+CZ30+DB30+DD30 -> 0 | DP30: =DG30+DI30+DK30+DM30+DO30 -> 0 | EE30: =DR30+DT30+DV30+DX30+DZ30+EB30+ED30 -> 0 | EX30: =EU30+ES30+EQ30+EO30+EM30+EK30+EI30+EG30+EW30 -> 0 | FG30: =EZ30+FB30+FD30+FF30 -> 0
A31: 24 | B31: San Luis | C31: =#REF! -> #REF! | D31: =#REF! -> #REF! | E31: =C31+D31 -> #REF! | F31: =M31+T31+BP31+DE31+DP31+EE31+EX31+FG31+FI31+FK31+FM31 -> #REF! | G31: =#REF! -> #REF! | H31: =#REF! -> #REF! | I31: =#REF! -> #REF! | J31: =#REF! -> #REF! | K31: =#REF! -> #REF! | L31: =#REF! -> #REF! | M31: =H31+J31+L31 -> #REF! | N31: =#REF! -> #REF! | O31: =#REF! -> #REF! | P31: =#REF! -> #REF! | Q31: =#REF! -> #REF! | R31: =#REF! -> #REF! | S31: =#REF! -> #REF! | T31: =O31+Q31+S31 -> #REF! | U31: =#REF! -> #REF! | V31: =#REF! -> #REF! | W31: =#REF! -> #REF! | X31: =#REF! -> #REF! | Y31: =#REF! -> #REF! | Z31: =#REF! -> #REF! | AA31: =#REF! -> #REF! | AB31: =#REF! -> #REF! | ... AP31: =#REF! -> #REF! | AQ31: =V31+X31+Z31+AB31+AD31+AF31+AH31+AJ31+AL31+AN31+AP31 -> #REF! | AR31: =#REF! -> #REF! | AS31: =#REF! -> #REF! | AT31: =#REF! -> #REF! | AU31: =#REF! -> #REF! | AV31: =#REF! -> #REF! | AW31: =#REF! -> #REF! | AX31: =#REF! -> #REF! | AY31: =#REF! -> #REF! | ... BE31: =#REF! -> #REF! | BF31: =AS31+AU31+AW31+AY31+BA31+BE31+BC31 -> #REF! | BG31: =#REF! -> #REF! | BH31: =#REF! -> #REF! | BI31: =#REF! -> #REF! | BJ31: =#REF! -> #REF! | BK31: =#REF! -> #REF! | BL31: =#REF! -> #REF! | BM31: =BH31+BJ31+BL31 -> #REF! | BN31: =#REF! -> #REF! | BO31: =#REF! -> #REF! | BP31: =AQ31+BF31+BM31+BO31 -> #REF! | BQ31: =#REF! -> #REF! | BR31: =#REF! -> #REF! | BS31: =#REF! -> #REF! | BT31: =#REF! -> #REF! | BU31: =#REF! -> #REF! | BV31: =#REF! -> #REF! | BW31: =#REF! -> #REF! | BX31: =#REF! -> #REF! | ... DD31: =#REF! -> #REF! | DE31: =CR31+CP31+CN31+CL31+CJ31+CH31+CF31+CD31+CB31+BZ31+BX31+BV31+BT31+BR31+CT31+CV31+CX31+CZ31+DB31+DD31 -> #REF! | DF31: =#REF! -> #REF! | DG31: =#REF! -> #REF! | DH31: =#REF! -> #REF! | DI31: =#REF! -> #REF! | DJ31: =#REF! -> #REF! | DK31: =#REF! -> #REF! | DL31: =#REF! -> #REF! | DM31: =#REF! -> #REF! | ... DO31: =#REF! -> #REF! | DP31: =DG31+DI31+DK31+DM31+DO31 -> #REF! | DQ31: =#REF! -> #REF! | DR31: =#REF! -> #REF! | DS31: =#REF! -> #REF! | DT31: =#REF! -> #REF! | DU31: =#REF! -> #REF! | DV31: =#REF! -> #REF! | DW31: =#REF! -> #REF! | DX31: =#REF! -> #REF! | ... ED31: =#REF! -> #REF! | EE31: =DR31+DT31+DV31+DX31+DZ31+EB31+ED31 -> #REF! | EF31: =#REF! -> #REF! | EG31: =#REF! -> #REF! | EH31: =#REF! -> #REF! | EI31: =#REF! -> #REF! | EJ31: =#REF! -> #REF! | EK31: =#REF! -> #REF! | EL31: =#REF! -> #REF! | EM31: =#REF! -> #REF! | ... EW31: =#REF! -> #REF! | EX31: =EU31+ES31+EQ31+EO31+EM31+EK31+EI31+EG31+EW31 -> #REF! | EY31: =#REF! -> #REF! | EZ31: =#REF! -> #REF! | FA31: =#REF! -> #REF! | FB31: =#REF! -> #REF! | FC31: =#REF! -> #REF! | FD31: =#REF! -> #REF! | FE31: =#REF! -> #REF! | FF31: =#REF! -> #REF! | FG31: =EZ31+FB31+FD31+FF31 -> #REF! | FH31: =#REF! -> #REF! | FI31: =#REF! -> #REF! | FJ31: =#REF! -> #REF! | FK31: =#REF! -> #REF! | FL31: =#REF! -> #REF! | FM31: =#REF! -> #REF!
A32: 25 | B32: San Nicolas | C32: =#REF! -> #REF! | D32: =#REF! -> #REF! | E32: =C32+D32 -> #REF! | F32: =M32+T32+BP32+DE32+DP32+EE32+EX32+FG32+FI32+FK32+FM32 -> #REF! | G32: =#REF! -> #REF! | H32: =#REF! -> #REF! | I32: =#REF! -> #REF! | J32: =#REF! -> #REF! | K32: =#REF! -> #REF! | L32: =#REF! -> #REF! | M32: =H32+J32+L32 -> #REF! | N32: =#REF! -> #REF! | O32: =#REF! -> #REF! | P32: =#REF! -> #REF! | Q32: =#REF! -> #REF! | R32: =#REF! -> #REF! | S32: =#REF! -> #REF! | T32: =O32+Q32+S32 -> #REF! | U32: =#REF! -> #REF! | V32: =#REF! -> #REF! | W32: =#REF! -> #REF! | X32: =#REF! -> #REF! | Y32: =#REF! -> #REF! | Z32: =#REF! -> #REF! | AA32: =#REF! -> #REF! | AB32: =#REF! -> #REF! | ... AP32: =#REF! -> #REF! | AQ32: =V32+X32+Z32+AB32+AD32+AF32+AH32+AJ32+AL32+AN32+AP32 -> #REF! | AR32: =#REF! -> #REF! | AS32: =#REF! -> #REF! | AT32: =#REF! -> #REF! | AU32: =#REF! -> #REF! | AV32: =#REF! -> #REF! | AW32: =#REF! -> #REF! | AX32: =#REF! -> #REF! | AY32: =#REF! -> #REF! | ... BE32: =#REF! -> #REF! | BF32: =AS32+AU32+AW32+AY32+BA32+BE32+BC32 -> #REF! | BG32: =#REF! -> #REF! | BH32: =#REF! -> #REF! | BI32: =#REF! -> #REF! | BJ32: =#REF! -> #REF! | BK32: =#REF! -> #REF! | BL32: =#REF! -> #REF! | BM32: =BH32+BJ32+BL32 -> #REF! | BN32: =#REF! -> #REF! | BO32: =#REF! -> #REF! | BP32: =AQ32+BF32+BM32+BO32 -> #REF! | BQ32: =#REF! -> #REF! | BR32: =#REF! -> #REF! | BS32: =#REF! -> #REF! | BT32: =#REF! -> #REF! | BU32: =#REF! -> #REF! | BV32: =#REF! -> #REF! | BW32: =#REF! -> #REF! | BX32: =#REF! -> #REF! | ... DD32: =#REF! -> #REF! | DE32: =CR32+CP32+CN32+CL32+CJ32+CH32+CF32+CD32+CB32+BZ32+BX32+BV32+BT32+BR32+CT32+CV32+CX32+CZ32+DB32+DD32 -> #REF! | DF32: =#REF! -> #REF! | DG32: =#REF! -> #REF! | DH32: =#REF! -> #REF! | DI32: =#REF! -> #REF! | DJ32: =#REF! -> #REF! | DK32: =#REF! -> #REF! | DL32: =#REF! -> #REF! | DM32: =#REF! -> #REF! | ... DO32: =#REF! -> #REF! | DP32: =DG32+DI32+DK32+DM32+DO32 -> #REF! | DQ32: =#REF! -> #REF! | DR32: =#REF! -> #REF! | DS32: =#REF! -> #REF! | DT32: =#REF! -> #REF! | DU32: =#REF! -> #REF! | DV32: =#REF! -> #REF! | DW32: =#REF! -> #REF! | DX32: =#REF! -> #REF! | ... ED32: =#REF! -> #REF! | EE32: =DR32+DT32+DV32+DX32+DZ32+EB32+ED32 -> #REF! | EF32: =#REF! -> #REF! | EG32: =#REF! -> #REF! | EH32: =#REF! -> #REF! | EI32: =#REF! -> #REF! | EJ32: =#REF! -> #REF! | EK32: =#REF! -> #REF! | EL32: =#REF! -> #REF! | EM32: =#REF! -> #REF! | ... EW32: =#REF! -> #REF! | EX32: =EU32+ES32+EQ32+EO32+EM32+EK32+EI32+EG32+EW32 -> #REF! | EY32: =#REF! -> #REF! | EZ32: =#REF! -> #REF! | FA32: =#REF! -> #REF! | FB32: =#REF! -> #REF! | FC32: =#REF! -> #REF! | FD32: =#REF! -> #REF! | FE32: =#REF! -> #REF! | FF32: =#REF! -> #REF! | FG32: =EZ32+FB32+FD32+FF32 -> #REF! | FH32: =#REF! -> #REF! | FI32: =#REF! -> #REF! | FJ32: =#REF! -> #REF! | FK32: =#REF! -> #REF! | FL32: =#REF! -> #REF! | FM32: =#REF! -> #REF!
A33: 26 | B33: San Pascual | C33: =#REF! -> #REF! | D33: =#REF! -> #REF! | E33: =C33+D33 -> #REF! | F33: =M33+T33+BP33+DE33+DP33+EE33+EX33+FG33+FI33+FK33+FM33 -> #REF! | G33: =#REF! -> #REF! | H33: =#REF! -> #REF! | I33: =#REF! -> #REF! | J33: =#REF! -> #REF! | K33: =#REF! -> #REF! | L33: =#REF! -> #REF! | M33: =H33+J33+L33 -> #REF! | N33: =#REF! -> #REF! | O33: =#REF! -> #REF! | P33: =#REF! -> #REF! | Q33: =#REF! -> #REF! | R33: =#REF! -> #REF! | S33: =#REF! -> #REF! | T33: =O33+Q33+S33 -> #REF! | U33: =#REF! -> #REF! | V33: =#REF! -> #REF! | W33: =#REF! -> #REF! | X33: =#REF! -> #REF! | Y33: =#REF! -> #REF! | Z33: =#REF! -> #REF! | AA33: =#REF! -> #REF! | AB33: =#REF! -> #REF! | ... AP33: =#REF! -> #REF! | AQ33: =V33+X33+Z33+AB33+AD33+AF33+AH33+AJ33+AL33+AN33+AP33 -> #REF! | AR33: =#REF! -> #REF! | AS33: =#REF! -> #REF! | AT33: =#REF! -> #REF! | AU33: =#REF! -> #REF! | AV33: =#REF! -> #REF! | AW33: =#REF! -> #REF! | AX33: =#REF! -> #REF! | AY33: =#REF! -> #REF! | ... BE33: =#REF! -> #REF! | BF33: =AS33+AU33+AW33+AY33+BA33+BE33+BC33 -> #REF! | BG33: =#REF! -> #REF! | BH33: =#REF! -> #REF! | BI33: =#REF! -> #REF! | BJ33: =#REF! -> #REF! | BK33: =#REF! -> #REF! | BL33: =#REF! -> #REF! | BM33: =BH33+BJ33+BL33 -> #REF! | BN33: =#REF! -> #REF! | BO33: =#REF! -> #REF! | BP33: =AQ33+BF33+BM33+BO33 -> #REF! | BQ33: =#REF! -> #REF! | BR33: =#REF! -> #REF! | BS33: =#REF! -> #REF! | BT33: =#REF! -> #REF! | BU33: =#REF! -> #REF! | BV33: =#REF! -> #REF! | BW33: =#REF! -> #REF! | BX33: =#REF! -> #REF! | ... DD33: =#REF! -> #REF! | DE33: =CR33+CP33+CN33+CL33+CJ33+CH33+CF33+CD33+CB33+BZ33+BX33+BV33+BT33+BR33+CT33+CV33+CX33+CZ33+DB33+DD33 -> #REF! | DF33: =#REF! -> #REF! | DG33: =#REF! -> #REF! | DH33: =#REF! -> #REF! | DI33: =#REF! -> #REF! | DJ33: =#REF! -> #REF! | DK33: =#REF! -> #REF! | DL33: =#REF! -> #REF! | DM33: =#REF! -> #REF! | ... DO33: =#REF! -> #REF! | DP33: =DG33+DI33+DK33+DM33+DO33 -> #REF! | DQ33: =#REF! -> #REF! | DR33: =#REF! -> #REF! | DS33: =#REF! -> #REF! | DT33: =#REF! -> #REF! | DU33: =#REF! -> #REF! | DV33: =#REF! -> #REF! | DW33: =#REF! -> #REF! | DX33: =#REF! -> #REF! | ... ED33: =#REF! -> #REF! | EE33: =DR33+DT33+DV33+DX33+DZ33+EB33+ED33 -> #REF! | EF33: =#REF! -> #REF! | EG33: =#REF! -> #REF! | EH33: =#REF! -> #REF! | EI33: =#REF! -> #REF! | EJ33: =#REF! -> #REF! | EK33: =#REF! -> #REF! | EL33: =#REF! -> #REF! | EM33: =#REF! -> #REF! | ... EW33: =#REF! -> #REF! | EX33: =EU33+ES33+EQ33+EO33+EM33+EK33+EI33+EG33+EW33 -> #REF! | EY33: =#REF! -> #REF! | EZ33: =#REF! -> #REF! | FA33: =#REF! -> #REF! | FB33: =#REF! -> #REF! | FC33: =#REF! -> #REF! | FD33: =#REF! -> #REF! | FE33: =#REF! -> #REF! | FF33: =#REF! -> #REF! | FG33: =EZ33+FB33+FD33+FF33 -> #REF! | FH33: =#REF! -> #REF! | FI33: =#REF! -> #REF! | FJ33: =#REF! -> #REF! | FK33: =#REF! -> #REF! | FL33: =#REF! -> #REF! | FM33: =#REF! -> #REF!
A34: 27 | B34: Sta. Teresita - no data | E34: =C34+D34 -> 0 | F34: =M34+T34+BP34+DE34+DP34+EE34+EX34+FG34+FI34+FK34+FM34 -> 0 | M34: =H34+J34+L34 -> 0 | T34: =O34+Q34+S34 -> 0 | AQ34: =V34+X34+Z34+AB34+AD34+AF34+AH34+AJ34+AL34+AN34+AP34 -> 0 | BF34: =AS34+AU34+AW34+AY34+BA34+BE34+BC34 -> 0 | BM34: =BH34+BJ34+BL34 -> 0 | BP34: =AQ34+BF34+BM34+BO34 -> 0 | DE34: =CR34+CP34+CN34+CL34+CJ34+CH34+CF34+CD34+CB34+BZ34+BX34+BV34+BT34+BR34+CT34+CV34+CX34+CZ34+DB34+DD34 -> 0 | DP34: =DG34+DI34+DK34+DM34+DO34 -> 0 | EE34: =DR34+DT34+DV34+DX34+DZ34+EB34+ED34 -> 0 | EX34: =EU34+ES34+EQ34+EO34+EM34+EK34+EI34+EG34+EW34 -> 0 | FG34: =EZ34+FB34+FD34+FF34 -> 0
A35: 28 | B35: Sto. Tomas | C35: =#REF! -> #REF! | D35: =#REF! -> #REF! | E35: =C35+D35 -> #REF! | F35: =M35+T35+BP35+DE35+DP35+EE35+EX35+FG35+FI35+FK35+FM35 -> #REF! | G35: =#REF! -> #REF! | H35: =#REF! -> #REF! | I35: =#REF! -> #REF! | J35: =#REF! -> #REF! | K35: =#REF! -> #REF! | L35: =#REF! -> #REF! | M35: =H35+J35+L35 -> #REF! | N35: =#REF! -> #REF! | O35: =#REF! -> #REF! | P35: =#REF! -> #REF! | Q35: =#REF! -> #REF! | R35: =#REF! -> #REF! | S35: =#REF! -> #REF! | T35: =O35+Q35+S35 -> #REF! | U35: =#REF! -> #REF! | V35: =#REF! -> #REF! | W35: =#REF! -> #REF! | X35: =#REF! -> #REF! | Y35: =#REF! -> #REF! | Z35: =#REF! -> #REF! | AA35: =#REF! -> #REF! | AB35: =#REF! -> #REF! | ... AP35: =#REF! -> #REF! | AQ35: =V35+X35+Z35+AB35+AD35+AF35+AH35+AJ35+AL35+AN35+AP35 -> #REF! | AR35: =#REF! -> #REF! | AS35: =#REF! -> #REF! | AT35: =#REF! -> #REF! | AU35: =#REF! -> #REF! | AV35: =#REF! -> #REF! | AW35: =#REF! -> #REF! | AX35: =#REF! -> #REF! | AY35: =#REF! -> #REF! | ... BE35: =#REF! -> #REF! | BF35: =AS35+AU35+AW35+AY35+BA35+BE35+BC35 -> #REF! | BG35: =#REF! -> #REF! | BH35: =#REF! -> #REF! | BI35: =#REF! -> #REF! | BJ35: =#REF! -> #REF! | BK35: =#REF! -> #REF! | BL35: =#REF! -> #REF! | BM35: =BH35+BJ35+BL35 -> #REF! | BN35: =#REF! -> #REF! | BO35: =#REF! -> #REF! | BP35: =AQ35+BF35+BM35+BO35 -> #REF! | BQ35: =#REF! -> #REF! | BR35: =#REF! -> #REF! | BS35: =#REF! -> #REF! | BT35: =#REF! -> #REF! | BU35: =#REF! -> #REF! | BV35: =#REF! -> #REF! | BW35: =#REF! -> #REF! | BX35: =#REF! -> #REF! | ... DD35: =#REF! -> #REF! | DE35: =CR35+CP35+CN35+CL35+CJ35+CH35+CF35+CD35+CB35+BZ35+BX35+BV35+BT35+BR35+CT35+CV35+CX35+CZ35+DB35+DD35 -> #REF! | DF35: =#REF! -> #REF! | DG35: =#REF! -> #REF! | DH35: =#REF! -> #REF! | DI35: =#REF! -> #REF! | DJ35: =#REF! -> #REF! | DK35: =#REF! -> #REF! | DL35: =#REF! -> #REF! | DM35: =#REF! -> #REF! | ... DO35: =#REF! -> #REF! | DP35: =DG35+DI35+DK35+DM35+DO35 -> #REF! | DQ35: =#REF! -> #REF! | DR35: =#REF! -> #REF! | DS35: =#REF! -> #REF! | DT35: =#REF! -> #REF! | DU35: =#REF! -> #REF! | DV35: =#REF! -> #REF! | DW35: =#REF! -> #REF! | DX35: =#REF! -> #REF! | ... ED35: =#REF! -> #REF! | EE35: =DR35+DT35+DV35+DX35+DZ35+EB35+ED35 -> #REF! | EF35: =#REF! -> #REF! | EG35: =#REF! -> #REF! | EH35: =#REF! -> #REF! | EI35: =#REF! -> #REF! | EJ35: =#REF! -> #REF! | EK35: =#REF! -> #REF! | EL35: =#REF! -> #REF! | EM35: =#REF! -> #REF! | ... EW35: =#REF! -> #REF! | EX35: =EU35+ES35+EQ35+EO35+EM35+EK35+EI35+EG35+EW35 -> #REF! | EY35: =#REF! -> #REF! | EZ35: =#REF! -> #REF! | FA35: =#REF! -> #REF! | FB35: =#REF! -> #REF! | FC35: =#REF! -> #REF! | FD35: =#REF! -> #REF! | FE35: =#REF! -> #REF! | FF35: =#REF! -> #REF! | FG35: =EZ35+FB35+FD35+FF35 -> #REF! | FH35: =#REF! -> #REF! | FI35: =#REF! -> #REF! | FJ35: =#REF! -> #REF! | FK35: =#REF! -> #REF! | FL35: =#REF! -> #REF! | FM35: =#REF! -> #REF!
A36: 29 | B36: Taal | C36: =#REF! -> #REF! | D36: =#REF! -> #REF! | E36: =C36+D36 -> #REF! | F36: =M36+T36+BP36+DE36+DP36+EE36+EX36+FG36+FI36+FK36+FM36 -> #REF! | G36: =#REF! -> #REF! | H36: =#REF! -> #REF! | I36: =#REF! -> #REF! | J36: =#REF! -> #REF! | K36: =#REF! -> #REF! | L36: =#REF! -> #REF! | M36: =H36+J36+L36 -> #REF! | N36: =#REF! -> #REF! | O36: =#REF! -> #REF! | P36: =#REF! -> #REF! | Q36: =#REF! -> #REF! | R36: =#REF! -> #REF! | S36: =#REF! -> #REF! | T36: =O36+Q36+S36 -> #REF! | U36: =#REF! -> #REF! | V36: =#REF! -> #REF! | W36: =#REF! -> #REF! | X36: =#REF! -> #REF! | Y36: =#REF! -> #REF! | Z36: =#REF! -> #REF! | AA36: =#REF! -> #REF! | AB36: =#REF! -> #REF! | ... AP36: =#REF! -> #REF! | AQ36: =V36+X36+Z36+AB36+AD36+AF36+AH36+AJ36+AL36+AN36+AP36 -> #REF! | AR36: =#REF! -> #REF! | AS36: =#REF! -> #REF! | AT36: =#REF! -> #REF! | AU36: =#REF! -> #REF! | AV36: =#REF! -> #REF! | AW36: =#REF! -> #REF! | AX36: =#REF! -> #REF! | AY36: =#REF! -> #REF! | ... BE36: =#REF! -> #REF! | BF36: =AS36+AU36+AW36+AY36+BA36+BE36+BC36 -> #REF! | BG36: =#REF! -> #REF! | BH36: =#REF! -> #REF! | BI36: =#REF! -> #REF! | BJ36: =#REF! -> #REF! | BK36: =#REF! -> #REF! | BL36: =#REF! -> #REF! | BM36: =BH36+BJ36+BL36 -> #REF! | BN36: =#REF! -> #REF! | BO36: =#REF! -> #REF! | BP36: =AQ36+BF36+BM36+BO36 -> #REF! | BQ36: =#REF! -> #REF! | BR36: =#REF! -> #REF! | BS36: =#REF! -> #REF! | BT36: =#REF! -> #REF! | BU36: =#REF! -> #REF! | BV36: =#REF! -> #REF! | BW36: =#REF! -> #REF! | BX36: =#REF! -> #REF! | ... DD36: =#REF! -> #REF! | DE36: =CR36+CP36+CN36+CL36+CJ36+CH36+CF36+CD36+CB36+BZ36+BX36+BV36+BT36+BR36+CT36+CV36+CX36+CZ36+DB36+DD36 -> #REF! | DF36: =#REF! -> #REF! | DG36: =#REF! -> #REF! | DH36: =#REF! -> #REF! | DI36: =#REF! -> #REF! | DJ36: =#REF! -> #REF! | DK36: =#REF! -> #REF! | DL36: =#REF! -> #REF! | DM36: =#REF! -> #REF! | ... DO36: =#REF! -> #REF! | DP36: =DG36+DI36+DK36+DM36+DO36 -> #REF! | DQ36: =#REF! -> #REF! | DR36: =#REF! -> #REF! | DS36: =#REF! -> #REF! | DT36: =#REF! -> #REF! | DU36: =#REF! -> #REF! | DV36: =#REF! -> #REF! | DW36: =#REF! -> #REF! | DX36: =#REF! -> #REF! | ... ED36: =#REF! -> #REF! | EE36: =DR36+DT36+DV36+DX36+DZ36+EB36+ED36 -> #REF! | EF36: =#REF! -> #REF! | EG36: =#REF! -> #REF! | EH36: =#REF! -> #REF! | EI36: =#REF! -> #REF! | EJ36: =#REF! -> #REF! | EK36: =#REF! -> #REF! | EL36: =#REF! -> #REF! | EM36: =#REF! -> #REF! | ... EW36: =#REF! -> #REF! | EX36: =EU36+ES36+EQ36+EO36+EM36+EK36+EI36+EG36+EW36 -> #REF! | EY36: =#REF! -> #REF! | EZ36: =#REF! -> #REF! | FA36: =#REF! -> #REF! | FB36: =#REF! -> #REF! | FC36: =#REF! -> #REF! | FD36: =#REF! -> #REF! | FE36: =#REF! -> #REF! | FF36: =#REF! -> #REF! | FG36: =EZ36+FB36+FD36+FF36 -> #REF! | FH36: =#REF! -> #REF! | FI36: =#REF! -> #REF! | FJ36: =#REF! -> #REF! | FK36: =#REF! -> #REF! | FL36: =#REF! -> #REF! | FM36: =#REF! -> #REF!
A37: 30 | B37: Talisay | C37: =#REF! -> #REF! | D37: =#REF! -> #REF! | E37: =#REF! -> #REF! | F37: =M37+T37+BP37+DE37+DP37+EE37+EX37+FG37+FI37+FK37+FM37 -> #REF! | G37: =#REF! -> #REF! | H37: =#REF! -> #REF! | I37: =#REF! -> #REF! | J37: =#REF! -> #REF! | K37: =#REF! -> #REF! | L37: =#REF! -> #REF! | M37: =H37+J37+L37 -> #REF! | N37: =#REF! -> #REF! | O37: =#REF! -> #REF! | P37: =#REF! -> #REF! | Q37: =#REF! -> #REF! | R37: =#REF! -> #REF! | S37: =#REF! -> #REF! | T37: =O37+Q37+S37 -> #REF! | U37: =#REF! -> #REF! | V37: =#REF! -> #REF! | W37: =#REF! -> #REF! | X37: =#REF! -> #REF! | Y37: =#REF! -> #REF! | Z37: =#REF! -> #REF! | AA37: =#REF! -> #REF! | AB37: =#REF! -> #REF! | ... AP37: =#REF! -> #REF! | AQ37: =V37+X37+Z37+AB37+AD37+AF37+AH37+AJ37+AL37+AN37+AP37 -> #REF! | AR37: =#REF! -> #REF! | AS37: =#REF! -> #REF! | AT37: =#REF! -> #REF! | AU37: =#REF! -> #REF! | AV37: =#REF! -> #REF! | AW37: =#REF! -> #REF! | AX37: =#REF! -> #REF! | AY37: =#REF! -> #REF! | ... BE37: =#REF! -> #REF! | BF37: =AS37+AU37+AW37+AY37+BA37+BE37+BC37 -> #REF! | BG37: =#REF! -> #REF! | BH37: =#REF! -> #REF! | BI37: =#REF! -> #REF! | BJ37: =#REF! -> #REF! | BK37: =#REF! -> #REF! | BL37: =#REF! -> #REF! | BM37: =#REF! -> #REF! | BN37: =#REF! -> #REF! | BO37: =#REF! -> #REF! | BP37: =AQ37+BF37+BM37+BO37 -> #REF! | BQ37: =#REF! -> #REF! | BR37: =#REF! -> #REF! | BS37: =#REF! -> #REF! | BT37: =#REF! -> #REF! | BU37: =#REF! -> #REF! | BV37: =#REF! -> #REF! | BW37: =#REF! -> #REF! | BX37: =#REF! -> #REF! | ... DD37: =#REF! -> #REF! | DE37: =CR37+CP37+CN37+CL37+CJ37+CH37+CF37+CD37+CB37+BZ37+BX37+BV37+BT37+BR37+CT37+CV37+CX37+CZ37+DB37+DD37 -> #REF! | DF37: =#REF! -> #REF! | DG37: =#REF! -> #REF! | DH37: =#REF! -> #REF! | DI37: =#REF! -> #REF! | DJ37: =#REF! -> #REF! | DK37: =#REF! -> #REF! | DL37: =#REF! -> #REF! | DM37: =#REF! -> #REF! | ... DO37: =#REF! -> #REF! | DP37: =DG37+DI37+DK37+DM37+DO37 -> #REF! | DQ37: =#REF! -> #REF! | DR37: =#REF! -> #REF! | DS37: =#REF! -> #REF! | DT37: =#REF! -> #REF! | DU37: =#REF! -> #REF! | DV37: =#REF! -> #REF! | DW37: =#REF! -> #REF! | DX37: =#REF! -> #REF! | ... ED37: =#REF! -> #REF! | EE37: =DR37+DT37+DV37+DX37+DZ37+EB37+ED37 -> #REF! | EF37: =#REF! -> #REF! | EG37: =#REF! -> #REF! | EH37: =#REF! -> #REF! | EI37: =#REF! -> #REF! | EJ37: =#REF! -> #REF! | EK37: =#REF! -> #REF! | EL37: =#REF! -> #REF! | EM37: =#REF! -> #REF! | ... EW37: =#REF! -> #REF! | EX37: =EU37+ES37+EQ37+EO37+EM37+EK37+EI37+EG37+EW37 -> #REF! | EY37: =#REF! -> #REF! | EZ37: =#REF! -> #REF! | FA37: =#REF! -> #REF! | FB37: =#REF! -> #REF! | FC37: =#REF! -> #REF! | FD37: =#REF! -> #REF! | FE37: =#REF! -> #REF! | FF37: =#REF! -> #REF! | FG37: =EZ37+FB37+FD37+FF37 -> #REF! | FH37: =#REF! -> #REF! | FI37: =#REF! -> #REF! | FJ37: =#REF! -> #REF! | FK37: =#REF! -> #REF! | FL37: =#REF! -> #REF! | FM37: =#REF! -> #REF!
A38: 31 | B38: Tanauan City | C38: =#REF! -> #REF! | D38: =#REF! -> #REF! | E38: =C38+D38 -> #REF! | F38: =M38+T38+BP38+DE38+DP38+EE38+EX38+FG38+FI38+FK38+FM38 -> #REF! | G38: =#REF! -> #REF! | H38: =#REF! -> #REF! | I38: =#REF! -> #REF! | J38: =#REF! -> #REF! | K38: =#REF! -> #REF! | L38: =#REF! -> #REF! | M38: =H38+J38+L38 -> #REF! | N38: =#REF! -> #REF! | O38: =#REF! -> #REF! | P38: =#REF! -> #REF! | Q38: =#REF! -> #REF! | R38: =#REF! -> #REF! | S38: =#REF! -> #REF! | T38: =O38+Q38+S38 -> #REF! | U38: =#REF! -> #REF! | V38: =#REF! -> #REF! | W38: =#REF! -> #REF! | X38: =#REF! -> #REF! | Y38: =#REF! -> #REF! | Z38: =#REF! -> #REF! | AA38: =#REF! -> #REF! | AB38: =#REF! -> #REF! | ... AP38: =#REF! -> #REF! | AQ38: =V38+X38+Z38+AB38+AD38+AF38+AH38+AJ38+AL38+AN38+AP38 -> #REF! | AR38: =#REF! -> #REF! | AS38: =#REF! -> #REF! | AT38: =#REF! -> #REF! | AU38: =#REF! -> #REF! | AV38: =#REF! -> #REF! | AW38: =#REF! -> #REF! | AX38: =#REF! -> #REF! | AY38: =#REF! -> #REF! | ... BE38: =#REF! -> #REF! | BF38: =AS38+AU38+AW38+AY38+BA38+BE38+BC38 -> #REF! | BG38: =#REF! -> #REF! | BH38: =#REF! -> #REF! | BI38: =#REF! -> #REF! | BJ38: =#REF! -> #REF! | BK38: =#REF! -> #REF! | BL38: =#REF! -> #REF! | BM38: =BH38+BJ38+BL38 -> #REF! | BN38: =#REF! -> #REF! | BO38: =#REF! -> #REF! | BP38: =AQ38+BF38+BM38+BO38 -> #REF! | BQ38: =#REF! -> #REF! | BR38: =#REF! -> #REF! | BS38: =#REF! -> #REF! | BT38: =#REF! -> #REF! | BU38: =#REF! -> #REF! | BV38: =#REF! -> #REF! | BW38: =#REF! -> #REF! | BX38: =#REF! -> #REF! | ... DD38: =#REF! -> #REF! | DE38: =CR38+CP38+CN38+CL38+CJ38+CH38+CF38+CD38+CB38+BZ38+BX38+BV38+BT38+BR38+CT38+CV38+CX38+CZ38+DB38+DD38 -> #REF! | DF38: =#REF! -> #REF! | DG38: =#REF! -> #REF! | DH38: =#REF! -> #REF! | DI38: =#REF! -> #REF! | DJ38: =#REF! -> #REF! | DK38: =#REF! -> #REF! | DL38: =#REF! -> #REF! | DM38: =#REF! -> #REF! | ... DO38: =#REF! -> #REF! | DP38: =DG38+DI38+DK38+DM38+DO38 -> #REF! | DQ38: =#REF! -> #REF! | DR38: =#REF! -> #REF! | DS38: =#REF! -> #REF! | DT38: =#REF! -> #REF! | DU38: =#REF! -> #REF! | DV38: =#REF! -> #REF! | DW38: =#REF! -> #REF! | DX38: =#REF! -> #REF! | ... ED38: =#REF! -> #REF! | EE38: =DR38+DT38+DV38+DX38+DZ38+EB38+ED38 -> #REF! | EF38: =#REF! -> #REF! | EG38: =#REF! -> #REF! | EH38: =#REF! -> #REF! | EI38: =#REF! -> #REF! | EJ38: =#REF! -> #REF! | EK38: =#REF! -> #REF! | EL38: =#REF! -> #REF! | EM38: =#REF! -> #REF! | ... EW38: =#REF! -> #REF! | EX38: =EU38+ES38+EQ38+EO38+EM38+EK38+EI38+EG38+EW38 -> #REF! | EY38: =#REF! -> #REF! | EZ38: =#REF! -> #REF! | FA38: =#REF! -> #REF! | FB38: =#REF! -> #REF! | FC38: =#REF! -> #REF! | FD38: =#REF! -> #REF! | FE38: =#REF! -> #REF! | FF38: =#REF! -> #REF! | FG38: =EZ38+FB38+FD38+FF38 -> #REF! | FH38: =#REF! -> #REF! | FI38: =#REF! -> #REF! | FJ38: =#REF! -> #REF! | FK38: =#REF! -> #REF! | FL38: =#REF! -> #REF! | FM38: =#REF! -> #REF!
